pecha_id,source_batch,clone_status,org,dest
I88CF073C,new,already_present,,/Users/tenzinyonten/layer_detection/data/raw_opf/I88CF073C.opf
I8961718B,new,already_present,,/Users/tenzinyonten/layer_detection/data/raw_opf/I8961718B.opf
I7D476A8B,new,already_present,,/Users/tenzinyonten/layer_detection/data/raw_opf/I7D476A8B.opf
I4FABF1F8,new,already_present,,/Users/tenzinyonten/layer_detection/data/raw_opf/I4FABF1F8.opf
I2B02A144,new,already_present,,/Users/tenzinyonten/layer_detection/data/raw_opf/I2B02A144.opf
I0B81CD66,new,already_present,,/Users/tenzinyonten/layer_detection/data/raw_opf/I0B81CD66.opf
IF7A04537,new,already_present,,/Users/tenzinyonten/layer_detection/data/raw_opf/IF7A04537.opf
I07240379,new,already_present,,/Users/tenzinyonten/layer_detection/data/raw_opf/I07240379.opf
I29E8AA65,new,already_present,,/Users/tenzinyonten/layer_detection/data/raw_opf/I29E8AA65.opf
I88977D82,new,cloned,OpenPecha-Data,/Users/tenzinyonten/layer_detection/data/raw_opf/I88977D82.opf
IEE67309C,new,cloned,OpenPecha-Data,/Users/tenzinyonten/layer_detection/data/raw_opf/IEE67309C.opf
I9FF2B59B,new,cloned,OpenPecha-Data,/Users/tenzinyonten/layer_detection/data/raw_opf/I9FF2B59B.opf
I52248444,new,cloned,OpenPecha-Data,/Users/tenzinyonten/layer_detection/data/raw_opf/I52248444.opf
I4FD99A33,new,cloned,OpenPecha-Data,/Users/tenzinyonten/layer_detection/data/raw_opf/I4FD99A33.opf
IC6F06BCD,new,cloned,OpenPecha-Data,/Users/tenzinyonten/layer_detection/data/raw_opf/IC6F06BCD.opf
IEEC9CCA9,new,cloned,OpenPecha-Data,/Users/tenzinyonten/layer_detection/data/raw_opf/IEEC9CCA9.opf
I55D7A55C,new,cloned,OpenPecha-Data,/Users/tenzinyonten/layer_detection/data/raw_opf/I55D7A55C.opf
IC05A6BE0,new,cloned,OpenPecha-Data,/Users/tenzinyonten/layer_detection/data/raw_opf/IC05A6BE0.opf
I82AB29CD,new,cloned,OpenPecha-Data,/Users/tenzinyonten/layer_detection/data/raw_opf/I82AB29CD.opf
I27F687A4,new,cloned,OpenPecha-Data,/Users/tenzinyonten/layer_detection/data/raw_opf/I27F687A4.opf
IFFA911F5,new,cloned,OpenPecha-Data,/Users/tenzinyonten/layer_detection/data/raw_opf/IFFA911F5.opf
IFF541F44,new,cloned,OpenPecha-Data,/Users/tenzinyonten/layer_detection/data/raw_opf/IFF541F44.opf
IFF05DE5E,new,cloned,OpenPecha-Data,/Users/tenzinyonten/layer_detection/data/raw_opf/IFF05DE5E.opf
IFE0B60AA,new,cloned,OpenPecha-Data,/Users/tenzinyonten/layer_detection/data/raw_opf/IFE0B60AA.opf
IFC5AD8FD,new,cloned,OpenPecha-Data,/Users/tenzinyonten/layer_detection/data/raw_opf/IFC5AD8FD.opf
IFAAADEA1,new,cloned,OpenPecha-Data,/Users/tenzinyonten/layer_detection/data/raw_opf/IFAAADEA1.opf
IFA88A536,new,cloned,OpenPecha-Data,/Users/tenzinyonten/layer_detection/data/raw_opf/IFA88A536.opf
IF85C9484,new,cloned,OpenPecha-Data,/Users/tenzinyonten/layer_detection/data/raw_opf/IF85C9484.opf
IF84B2E71,new,cloned,OpenPecha-Data,/Users/tenzinyonten/layer_detection/data/raw_opf/IF84B2E71.opf
IF6B54962,new,cloned,OpenPecha-Data,/Users/tenzinyonten/layer_detection/data/raw_opf/IF6B54962.opf
IF69FF8A7,new,cloned,OpenPecha-Data,/Users/tenzinyonten/layer_detection/data/raw_opf/IF69FF8A7.opf
IF5AAE849,new,cloned,OpenPecha-Data,/Users/tenzinyonten/layer_detection/data/raw_opf/IF5AAE849.opf
IF4F5D041,new,cloned,OpenPecha-Data,/Users/tenzinyonten/layer_detection/data/raw_opf/IF4F5D041.opf
IF4C4BF01,new,cloned,OpenPecha-Data,/Users/tenzinyonten/layer_detection/data/raw_opf/IF4C4BF01.opf
IF428CDDB,new,cloned,OpenPecha-Data,/Users/tenzinyonten/layer_detection/data/raw_opf/IF428CDDB.opf
IF3ACC3E1,new,cloned,OpenPecha-Data,/Users/tenzinyonten/layer_detection/data/raw_opf/IF3ACC3E1.opf
IF30A1358,new,cloned,OpenPecha-Data,/Users/tenzinyonten/layer_detection/data/raw_opf/IF30A1358.opf
IEFE24A29,new,cloned,OpenPecha-Data,/Users/tenzinyonten/layer_detection/data/raw_opf/IEFE24A29.opf
IEF3A4022,new,cloned,OpenPecha-Data,/Users/tenzinyonten/layer_detection/data/raw_opf/IEF3A4022.opf
IEEBAD11E,new,cloned,OpenPecha-Data,/Users/tenzinyonten/layer_detection/data/raw_opf/IEEBAD11E.opf
IEEB908B0,new,cloned,OpenPecha-Data,/Users/tenzinyonten/layer_detection/data/raw_opf/IEEB908B0.opf
IEDFED305,new,cloned,OpenPecha-Data,/Users/tenzinyonten/layer_detection/data/raw_opf/IEDFED305.opf
IEB5D4BEB,new,cloned,OpenPecha-Data,/Users/tenzinyonten/layer_detection/data/raw_opf/IEB5D4BEB.opf
IEAAE08E1,new,cloned,OpenPecha-Data,/Users/tenzinyonten/layer_detection/data/raw_opf/IEAAE08E1.opf
IEA9B747E,new,cloned,OpenPecha-Data,/Users/tenzinyonten/layer_detection/data/raw_opf/IEA9B747E.opf
IE9C4806D,new,cloned,OpenPecha-Data,/Users/tenzinyonten/layer_detection/data/raw_opf/IE9C4806D.opf
IE999E494,new,cloned,OpenPecha-Data,/Users/tenzinyonten/layer_detection/data/raw_opf/IE999E494.opf
IE8EB4CB4,new,cloned,OpenPecha-Data,/Users/tenzinyonten/layer_detection/data/raw_opf/IE8EB4CB4.opf
IE8D2B7C5,new,cloned,OpenPecha-Data,/Users/tenzinyonten/layer_detection/data/raw_opf/IE8D2B7C5.opf
IE79CC998,new,cloned,OpenPecha-Data,/Users/tenzinyonten/layer_detection/data/raw_opf/IE79CC998.opf
IE5895799,new,cloned,OpenPecha-Data,/Users/tenzinyonten/layer_detection/data/raw_opf/IE5895799.opf
IE3ACE254,new,cloned,OpenPecha-Data,/Users/tenzinyonten/layer_detection/data/raw_opf/IE3ACE254.opf
IE2421BEA,new,cloned,OpenPecha-Data,/Users/tenzinyonten/layer_detection/data/raw_opf/IE2421BEA.opf
IE1ECB287,new,cloned,OpenPecha-Data,/Users/tenzinyonten/layer_detection/data/raw_opf/IE1ECB287.opf
IE1B4BBB9,new,cloned,OpenPecha-Data,/Users/tenzinyonten/layer_detection/data/raw_opf/IE1B4BBB9.opf
IE166DA22,new,cloned,OpenPecha-Data,/Users/tenzinyonten/layer_detection/data/raw_opf/IE166DA22.opf
IE0AB7438,new,cloned,OpenPecha-Data,/Users/tenzinyonten/layer_detection/data/raw_opf/IE0AB7438.opf
IDF77FDDD,new,cloned,OpenPecha-Data,/Users/tenzinyonten/layer_detection/data/raw_opf/IDF77FDDD.opf
IDDB46142,new,cloned,OpenPecha-Data,/Users/tenzinyonten/layer_detection/data/raw_opf/IDDB46142.opf
IDDA7F69E,new,cloned,OpenPecha-Data,/Users/tenzinyonten/layer_detection/data/raw_opf/IDDA7F69E.opf
IDBFF9DE3,new,cloned,OpenPecha-Data,/Users/tenzinyonten/layer_detection/data/raw_opf/IDBFF9DE3.opf
IDB6093E9,new,cloned,OpenPecha-Data,/Users/tenzinyonten/layer_detection/data/raw_opf/IDB6093E9.opf
IDAE0EA08,new,cloned,OpenPecha-Data,/Users/tenzinyonten/layer_detection/data/raw_opf/IDAE0EA08.opf
IDAD44BA2,new,cloned,OpenPecha-Data,/Users/tenzinyonten/layer_detection/data/raw_opf/IDAD44BA2.opf
IDACD7FC0,new,cloned,OpenPecha-Data,/Users/tenzinyonten/layer_detection/data/raw_opf/IDACD7FC0.opf
IDAB254F1,new,cloned,OpenPecha-Data,/Users/tenzinyonten/layer_detection/data/raw_opf/IDAB254F1.opf
IDA8C4CE5,new,cloned,OpenPecha-Data,/Users/tenzinyonten/layer_detection/data/raw_opf/IDA8C4CE5.opf
ID8FE83E3,new,cloned,OpenPecha-Data,/Users/tenzinyonten/layer_detection/data/raw_opf/ID8FE83E3.opf
ID6DDE9E3,new,cloned,OpenPecha-Data,/Users/tenzinyonten/layer_detection/data/raw_opf/ID6DDE9E3.opf
ID62D615D,new,cloned,OpenPecha-Data,/Users/tenzinyonten/layer_detection/data/raw_opf/ID62D615D.opf
ID5714205,new,cloned,OpenPecha-Data,/Users/tenzinyonten/layer_detection/data/raw_opf/ID5714205.opf
ID4AD2D0E,new,cloned,OpenPecha-Data,/Users/tenzinyonten/layer_detection/data/raw_opf/ID4AD2D0E.opf
ID13E3867,new,cloned,OpenPecha-Data,/Users/tenzinyonten/layer_detection/data/raw_opf/ID13E3867.opf
ICDC84458,new,cloned,OpenPecha-Data,/Users/tenzinyonten/layer_detection/data/raw_opf/ICDC84458.opf
ICD7F2351,new,cloned,OpenPecha-Data,/Users/tenzinyonten/layer_detection/data/raw_opf/ICD7F2351.opf
ICC9840B6,new,cloned,OpenPecha-Data,/Users/tenzinyonten/layer_detection/data/raw_opf/ICC9840B6.opf
IC9EE0A24,new,cloned,OpenPecha-Data,/Users/tenzinyonten/layer_detection/data/raw_opf/IC9EE0A24.opf
IC99C24DC,new,cloned,OpenPecha-Data,/Users/tenzinyonten/layer_detection/data/raw_opf/IC99C24DC.opf
IC8A4519C,new,cloned,OpenPecha-Data,/Users/tenzinyonten/layer_detection/data/raw_opf/IC8A4519C.opf
IC87920B7,new,cloned,OpenPecha-Data,/Users/tenzinyonten/layer_detection/data/raw_opf/IC87920B7.opf
IC868EE6F,new,cloned,OpenPecha-Data,/Users/tenzinyonten/layer_detection/data/raw_opf/IC868EE6F.opf
IC7A5FC73,new,cloned,OpenPecha-Data,/Users/tenzinyonten/layer_detection/data/raw_opf/IC7A5FC73.opf
IC5CE7FE9,new,cloned,OpenPecha-Data,/Users/tenzinyonten/layer_detection/data/raw_opf/IC5CE7FE9.opf
IC555D0EB,new,cloned,OpenPecha-Data,/Users/tenzinyonten/layer_detection/data/raw_opf/IC555D0EB.opf
IC421942A,new,cloned,OpenPecha-Data,/Users/tenzinyonten/layer_detection/data/raw_opf/IC421942A.opf
IC3A7006F,new,cloned,OpenPecha-Data,/Users/tenzinyonten/layer_detection/data/raw_opf/IC3A7006F.opf
IBFACCCDF,new,cloned,OpenPecha-Data,/Users/tenzinyonten/layer_detection/data/raw_opf/IBFACCCDF.opf
IBF8C5BB6,new,cloned,OpenPecha-Data,/Users/tenzinyonten/layer_detection/data/raw_opf/IBF8C5BB6.opf
IBD1386A4,new,cloned,OpenPecha-Data,/Users/tenzinyonten/layer_detection/data/raw_opf/IBD1386A4.opf
IBCF6B0BA,new,cloned,OpenPecha-Data,/Users/tenzinyonten/layer_detection/data/raw_opf/IBCF6B0BA.opf
IBC775AF6,new,cloned,OpenPecha-Data,/Users/tenzinyonten/layer_detection/data/raw_opf/IBC775AF6.opf
IBBFC3AAB,new,cloned,OpenPecha-Data,/Users/tenzinyonten/layer_detection/data/raw_opf/IBBFC3AAB.opf
IBBB26EA1,new,cloned,OpenPecha-Data,/Users/tenzinyonten/layer_detection/data/raw_opf/IBBB26EA1.opf
IBB812389,new,cloned,OpenPecha-Data,/Users/tenzinyonten/layer_detection/data/raw_opf/IBB812389.opf
IBB199AAB,new,cloned,OpenPecha-Data,/Users/tenzinyonten/layer_detection/data/raw_opf/IBB199AAB.opf
IB9CA8898,new,cloned,OpenPecha-Data,/Users/tenzinyonten/layer_detection/data/raw_opf/IB9CA8898.opf
IB8F4E5BE,new,cloned,OpenPecha-Data,/Users/tenzinyonten/layer_detection/data/raw_opf/IB8F4E5BE.opf
IB8EEB9FB,new,cloned,OpenPecha-Data,/Users/tenzinyonten/layer_detection/data/raw_opf/IB8EEB9FB.opf
IB8D599AA,new,cloned,OpenPecha-Data,/Users/tenzinyonten/layer_detection/data/raw_opf/IB8D599AA.opf
IB5F523B2,new,cloned,OpenPecha-Data,/Users/tenzinyonten/layer_detection/data/raw_opf/IB5F523B2.opf
IB522F095,new,cloned,OpenPecha-Data,/Users/tenzinyonten/layer_detection/data/raw_opf/IB522F095.opf
IB503BC08,new,cloned,OpenPecha-Data,/Users/tenzinyonten/layer_detection/data/raw_opf/IB503BC08.opf
IB4B89F9C,new,cloned,OpenPecha-Data,/Users/tenzinyonten/layer_detection/data/raw_opf/IB4B89F9C.opf
IB47565DE,new,cloned,OpenPecha-Data,/Users/tenzinyonten/layer_detection/data/raw_opf/IB47565DE.opf
IB45DE768,new,cloned,OpenPecha-Data,/Users/tenzinyonten/layer_detection/data/raw_opf/IB45DE768.opf
IB4534838,new,cloned,OpenPecha-Data,/Users/tenzinyonten/layer_detection/data/raw_opf/IB4534838.opf
IB2BA1922,new,cloned,OpenPecha-Data,/Users/tenzinyonten/layer_detection/data/raw_opf/IB2BA1922.opf
IB047F8C7,new,cloned,OpenPecha-Data,/Users/tenzinyonten/layer_detection/data/raw_opf/IB047F8C7.opf
IAFA8F999,new,cloned,OpenPecha-Data,/Users/tenzinyonten/layer_detection/data/raw_opf/IAFA8F999.opf
IAE1E11E5,new,cloned,OpenPecha-Data,/Users/tenzinyonten/layer_detection/data/raw_opf/IAE1E11E5.opf
IACD4469E,new,cloned,OpenPecha-Data,/Users/tenzinyonten/layer_detection/data/raw_opf/IACD4469E.opf
IACBA255A,new,cloned,OpenPecha-Data,/Users/tenzinyonten/layer_detection/data/raw_opf/IACBA255A.opf
IAC0C3AD3,new,cloned,OpenPecha-Data,/Users/tenzinyonten/layer_detection/data/raw_opf/IAC0C3AD3.opf
IABE7480B,new,cloned,OpenPecha-Data,/Users/tenzinyonten/layer_detection/data/raw_opf/IABE7480B.opf
IAB948889,new,cloned,OpenPecha-Data,/Users/tenzinyonten/layer_detection/data/raw_opf/IAB948889.opf
IAAADCAA0,new,cloned,OpenPecha-Data,/Users/tenzinyonten/layer_detection/data/raw_opf/IAAADCAA0.opf
IAA85B9B5,new,cloned,OpenPecha-Data,/Users/tenzinyonten/layer_detection/data/raw_opf/IAA85B9B5.opf
IA9544907,new,cloned,OpenPecha-Data,/Users/tenzinyonten/layer_detection/data/raw_opf/IA9544907.opf
IA83BAC6F,new,cloned,OpenPecha-Data,/Users/tenzinyonten/layer_detection/data/raw_opf/IA83BAC6F.opf
IA736981A,new,cloned,OpenPecha-Data,/Users/tenzinyonten/layer_detection/data/raw_opf/IA736981A.opf
IA5AA757B,new,cloned,OpenPecha-Data,/Users/tenzinyonten/layer_detection/data/raw_opf/IA5AA757B.opf
IA473D353,new,cloned,OpenPecha-Data,/Users/tenzinyonten/layer_detection/data/raw_opf/IA473D353.opf
IA3DD1ADA,new,cloned,OpenPecha-Data,/Users/tenzinyonten/layer_detection/data/raw_opf/IA3DD1ADA.opf
IA2F1ACFA,new,cloned,OpenPecha-Data,/Users/tenzinyonten/layer_detection/data/raw_opf/IA2F1ACFA.opf
I9EE3E92B,new,cloned,OpenPecha-Data,/Users/tenzinyonten/layer_detection/data/raw_opf/I9EE3E92B.opf
I9E666AF8,new,cloned,OpenPecha-Data,/Users/tenzinyonten/layer_detection/data/raw_opf/I9E666AF8.opf
I9DF09DD3,new,cloned,OpenPecha-Data,/Users/tenzinyonten/layer_detection/data/raw_opf/I9DF09DD3.opf
I9D9C7AC9,new,cloned,OpenPecha-Data,/Users/tenzinyonten/layer_detection/data/raw_opf/I9D9C7AC9.opf
I9D810AA7,new,cloned,OpenPecha-Data,/Users/tenzinyonten/layer_detection/data/raw_opf/I9D810AA7.opf
I9CB71958,new,cloned,OpenPecha-Data,/Users/tenzinyonten/layer_detection/data/raw_opf/I9CB71958.opf
I9B6A4525,new,cloned,OpenPecha-Data,/Users/tenzinyonten/layer_detection/data/raw_opf/I9B6A4525.opf
I9AEEF96A,new,cloned,OpenPecha-Data,/Users/tenzinyonten/layer_detection/data/raw_opf/I9AEEF96A.opf
I99F347E4,new,cloned,OpenPecha-Data,/Users/tenzinyonten/layer_detection/data/raw_opf/I99F347E4.opf
I99DF06AA,new,cloned,OpenPecha-Data,/Users/tenzinyonten/layer_detection/data/raw_opf/I99DF06AA.opf
I98D03292,new,cloned,OpenPecha-Data,/Users/tenzinyonten/layer_detection/data/raw_opf/I98D03292.opf
I9811592F,new,cloned,OpenPecha-Data,/Users/tenzinyonten/layer_detection/data/raw_opf/I9811592F.opf
I97D6FE6E,new,cloned,OpenPecha-Data,/Users/tenzinyonten/layer_detection/data/raw_opf/I97D6FE6E.opf
I97B90DC0,new,cloned,OpenPecha-Data,/Users/tenzinyonten/layer_detection/data/raw_opf/I97B90DC0.opf
I9779E60E,new,cloned,OpenPecha-Data,/Users/tenzinyonten/layer_detection/data/raw_opf/I9779E60E.opf
I9779A606,new,cloned,OpenPecha-Data,/Users/tenzinyonten/layer_detection/data/raw_opf/I9779A606.opf
I968B73EB,new,cloned,OpenPecha-Data,/Users/tenzinyonten/layer_detection/data/raw_opf/I968B73EB.opf
I9658BC87,new,cloned,OpenPecha-Data,/Users/tenzinyonten/layer_detection/data/raw_opf/I9658BC87.opf
I9434034F,new,cloned,OpenPecha-Data,/Users/tenzinyonten/layer_detection/data/raw_opf/I9434034F.opf
I920AA7AC,new,cloned,OpenPecha-Data,/Users/tenzinyonten/layer_detection/data/raw_opf/I920AA7AC.opf
I91949F99,new,cloned,OpenPecha-Data,/Users/tenzinyonten/layer_detection/data/raw_opf/I91949F99.opf
I8EC6D8E9,new,cloned,OpenPecha-Data,/Users/tenzinyonten/layer_detection/data/raw_opf/I8EC6D8E9.opf
I8E747E8E,new,cloned,OpenPecha-Data,/Users/tenzinyonten/layer_detection/data/raw_opf/I8E747E8E.opf
I8D6D2565,new,cloned,OpenPecha-Data,/Users/tenzinyonten/layer_detection/data/raw_opf/I8D6D2565.opf
I8D5C7CB4,new,cloned,OpenPecha-Data,/Users/tenzinyonten/layer_detection/data/raw_opf/I8D5C7CB4.opf
I8CEEFEFC,new,cloned,OpenPecha-Data,/Users/tenzinyonten/layer_detection/data/raw_opf/I8CEEFEFC.opf
I8B49E87B,new,cloned,OpenPecha-Data,/Users/tenzinyonten/layer_detection/data/raw_opf/I8B49E87B.opf
I8A57AE06,new,cloned,OpenPecha-Data,/Users/tenzinyonten/layer_detection/data/raw_opf/I8A57AE06.opf
I8995895C,new,cloned,OpenPecha-Data,/Users/tenzinyonten/layer_detection/data/raw_opf/I8995895C.opf
I8994AAB2,new,cloned,OpenPecha-Data,/Users/tenzinyonten/layer_detection/data/raw_opf/I8994AAB2.opf
I895C519A,new,cloned,OpenPecha-Data,/Users/tenzinyonten/layer_detection/data/raw_opf/I895C519A.opf
I88DA3111,new,cloned,OpenPecha-Data,/Users/tenzinyonten/layer_detection/data/raw_opf/I88DA3111.opf
I881A57E8,new,cloned,OpenPecha-Data,/Users/tenzinyonten/layer_detection/data/raw_opf/I881A57E8.opf
I86E4558F,new,cloned,OpenPecha-Data,/Users/tenzinyonten/layer_detection/data/raw_opf/I86E4558F.opf
I8698A1DF,new,cloned,OpenPecha-Data,/Users/tenzinyonten/layer_detection/data/raw_opf/I8698A1DF.opf
I85C28EDA,new,cloned,OpenPecha-Data,/Users/tenzinyonten/layer_detection/data/raw_opf/I85C28EDA.opf
I85485484,new,cloned,OpenPecha-Data,/Users/tenzinyonten/layer_detection/data/raw_opf/I85485484.opf
I849C345E,new,cloned,OpenPecha-Data,/Users/tenzinyonten/layer_detection/data/raw_opf/I849C345E.opf
I8222749E,new,cloned,OpenPecha-Data,/Users/tenzinyonten/layer_detection/data/raw_opf/I8222749E.opf
I8062BDF5,new,cloned,OpenPecha-Data,/Users/tenzinyonten/layer_detection/data/raw_opf/I8062BDF5.opf
I8006C360,new,cloned,OpenPecha-Data,/Users/tenzinyonten/layer_detection/data/raw_opf/I8006C360.opf
I7F5F640A,new,cloned,OpenPecha-Data,/Users/tenzinyonten/layer_detection/data/raw_opf/I7F5F640A.opf
I7C0B99BB,new,cloned,OpenPecha-Data,/Users/tenzinyonten/layer_detection/data/raw_opf/I7C0B99BB.opf
I7A79CC95,new,cloned,OpenPecha-Data,/Users/tenzinyonten/layer_detection/data/raw_opf/I7A79CC95.opf
I79F57A79,new,cloned,OpenPecha-Data,/Users/tenzinyonten/layer_detection/data/raw_opf/I79F57A79.opf
I7989272E,new,cloned,OpenPecha-Data,/Users/tenzinyonten/layer_detection/data/raw_opf/I7989272E.opf
I78C84F85,new,cloned,OpenPecha-Data,/Users/tenzinyonten/layer_detection/data/raw_opf/I78C84F85.opf
I786395B4,new,cloned,OpenPecha-Data,/Users/tenzinyonten/layer_detection/data/raw_opf/I786395B4.opf
I750EAEE8,new,cloned,OpenPecha-Data,/Users/tenzinyonten/layer_detection/data/raw_opf/I750EAEE8.opf
I74772DFF,new,cloned,OpenPecha-Data,/Users/tenzinyonten/layer_detection/data/raw_opf/I74772DFF.opf
I6F70ED49,new,cloned,OpenPecha-Data,/Users/tenzinyonten/layer_detection/data/raw_opf/I6F70ED49.opf
I6F43CD1F,new,cloned,OpenPecha-Data,/Users/tenzinyonten/layer_detection/data/raw_opf/I6F43CD1F.opf
I6EFF9668,new,cloned,OpenPecha-Data,/Users/tenzinyonten/layer_detection/data/raw_opf/I6EFF9668.opf
I6D4C317A,new,cloned,OpenPecha-Data,/Users/tenzinyonten/layer_detection/data/raw_opf/I6D4C317A.opf
I6D11E414,new,cloned,OpenPecha-Data,/Users/tenzinyonten/layer_detection/data/raw_opf/I6D11E414.opf
I6A834445,new,cloned,OpenPecha-Data,/Users/tenzinyonten/layer_detection/data/raw_opf/I6A834445.opf
I64B5DDDD,new,cloned,OpenPecha-Data,/Users/tenzinyonten/layer_detection/data/raw_opf/I64B5DDDD.opf
I6380CEC4,new,cloned,OpenPecha-Data,/Users/tenzinyonten/layer_detection/data/raw_opf/I6380CEC4.opf
I62D7430C,new,cloned,OpenPecha-Data,/Users/tenzinyonten/layer_detection/data/raw_opf/I62D7430C.opf
I61AB8DA8,new,cloned,OpenPecha-Data,/Users/tenzinyonten/layer_detection/data/raw_opf/I61AB8DA8.opf
I6193773E,new,cloned,OpenPecha-Data,/Users/tenzinyonten/layer_detection/data/raw_opf/I6193773E.opf
I617FDD1E,new,cloned,OpenPecha-Data,/Users/tenzinyonten/layer_detection/data/raw_opf/I617FDD1E.opf
I60D0ED54,new,cloned,OpenPecha-Data,/Users/tenzinyonten/layer_detection/data/raw_opf/I60D0ED54.opf
I5F5D9F5A,new,cloned,OpenPecha-Data,/Users/tenzinyonten/layer_detection/data/raw_opf/I5F5D9F5A.opf
I5BFCBB3F,new,cloned,OpenPecha-Data,/Users/tenzinyonten/layer_detection/data/raw_opf/I5BFCBB3F.opf
I5AEEE5CA,new,cloned,OpenPecha-Data,/Users/tenzinyonten/layer_detection/data/raw_opf/I5AEEE5CA.opf
I58E33EFF,new,cloned,OpenPecha-Data,/Users/tenzinyonten/layer_detection/data/raw_opf/I58E33EFF.opf
I587B7DED,new,cloned,OpenPecha-Data,/Users/tenzinyonten/layer_detection/data/raw_opf/I587B7DED.opf
I57BB7B28,new,cloned,OpenPecha-Data,/Users/tenzinyonten/layer_detection/data/raw_opf/I57BB7B28.opf
I577D1677,new,cloned,OpenPecha-Data,/Users/tenzinyonten/layer_detection/data/raw_opf/I577D1677.opf
I575514A8,new,cloned,OpenPecha-Data,/Users/tenzinyonten/layer_detection/data/raw_opf/I575514A8.opf
I55E4B626,new,cloned,OpenPecha-Data,/Users/tenzinyonten/layer_detection/data/raw_opf/I55E4B626.opf
I54375004,new,cloned,OpenPecha-Data,/Users/tenzinyonten/layer_detection/data/raw_opf/I54375004.opf
I52F33C02,new,cloned,OpenPecha-Data,/Users/tenzinyonten/layer_detection/data/raw_opf/I52F33C02.opf
I51B9FE5F,new,cloned,OpenPecha-Data,/Users/tenzinyonten/layer_detection/data/raw_opf/I51B9FE5F.opf
I518A01A8,new,cloned,OpenPecha-Data,/Users/tenzinyonten/layer_detection/data/raw_opf/I518A01A8.opf
I5134B437,new,cloned,OpenPecha-Data,/Users/tenzinyonten/layer_detection/data/raw_opf/I5134B437.opf
I5048861E,new,cloned,OpenPecha-Data,/Users/tenzinyonten/layer_detection/data/raw_opf/I5048861E.opf
I4FDF07E7,new,cloned,OpenPecha-Data,/Users/tenzinyonten/layer_detection/data/raw_opf/I4FDF07E7.opf
I4EE8C636,new,cloned,OpenPecha-Data,/Users/tenzinyonten/layer_detection/data/raw_opf/I4EE8C636.opf
I4E0DAA7C,new,cloned,OpenPecha-Data,/Users/tenzinyonten/layer_detection/data/raw_opf/I4E0DAA7C.opf
I4DFE9067,new,cloned,OpenPecha-Data,/Users/tenzinyonten/layer_detection/data/raw_opf/I4DFE9067.opf
I4CAE7B8B,new,cloned,OpenPecha-Data,/Users/tenzinyonten/layer_detection/data/raw_opf/I4CAE7B8B.opf
I4C242C84,new,cloned,OpenPecha-Data,/Users/tenzinyonten/layer_detection/data/raw_opf/I4C242C84.opf
I4BECA32D,new,cloned,OpenPecha-Data,/Users/tenzinyonten/layer_detection/data/raw_opf/I4BECA32D.opf
I4B1806B4,new,cloned,OpenPecha-Data,/Users/tenzinyonten/layer_detection/data/raw_opf/I4B1806B4.opf
I4ABDA91A,new,cloned,OpenPecha-Data,/Users/tenzinyonten/layer_detection/data/raw_opf/I4ABDA91A.opf
I4A6AC1AA,new,cloned,OpenPecha-Data,/Users/tenzinyonten/layer_detection/data/raw_opf/I4A6AC1AA.opf
I454D2699,new,cloned,OpenPecha-Data,/Users/tenzinyonten/layer_detection/data/raw_opf/I454D2699.opf
I45222122,new,cloned,OpenPecha-Data,/Users/tenzinyonten/layer_detection/data/raw_opf/I45222122.opf
I44B84506,new,cloned,OpenPecha-Data,/Users/tenzinyonten/layer_detection/data/raw_opf/I44B84506.opf
I43575A14,new,cloned,OpenPecha-Data,/Users/tenzinyonten/layer_detection/data/raw_opf/I43575A14.opf
I4232A561,new,cloned,OpenPecha-Data,/Users/tenzinyonten/layer_detection/data/raw_opf/I4232A561.opf
I41DA990D,new,cloned,OpenPecha-Data,/Users/tenzinyonten/layer_detection/data/raw_opf/I41DA990D.opf
I40E5024E,new,cloned,OpenPecha-Data,/Users/tenzinyonten/layer_detection/data/raw_opf/I40E5024E.opf
I3F4A91F5,new,cloned,OpenPecha-Data,/Users/tenzinyonten/layer_detection/data/raw_opf/I3F4A91F5.opf
I3D6910F9,new,cloned,OpenPecha-Data,/Users/tenzinyonten/layer_detection/data/raw_opf/I3D6910F9.opf
I3D257F64,new,cloned,OpenPecha-Data,/Users/tenzinyonten/layer_detection/data/raw_opf/I3D257F64.opf
I3B871A64,new,cloned,OpenPecha-Data,/Users/tenzinyonten/layer_detection/data/raw_opf/I3B871A64.opf
I36A7A668,new,cloned,OpenPecha-Data,/Users/tenzinyonten/layer_detection/data/raw_opf/I36A7A668.opf
I3495B87B,new,cloned,OpenPecha-Data,/Users/tenzinyonten/layer_detection/data/raw_opf/I3495B87B.opf
I344D2A4C,new,cloned,OpenPecha-Data,/Users/tenzinyonten/layer_detection/data/raw_opf/I344D2A4C.opf
I340B9EC1,new,cloned,OpenPecha-Data,/Users/tenzinyonten/layer_detection/data/raw_opf/I340B9EC1.opf
I33763376,new,cloned,OpenPecha-Data,/Users/tenzinyonten/layer_detection/data/raw_opf/I33763376.opf
I330D366C,new,cloned,OpenPecha-Data,/Users/tenzinyonten/layer_detection/data/raw_opf/I330D366C.opf
I32431963,new,cloned,OpenPecha-Data,/Users/tenzinyonten/layer_detection/data/raw_opf/I32431963.opf
I31F3338B,new,cloned,OpenPecha-Data,/Users/tenzinyonten/layer_detection/data/raw_opf/I31F3338B.opf
I319DAFF7,new,cloned,OpenPecha-Data,/Users/tenzinyonten/layer_detection/data/raw_opf/I319DAFF7.opf
I2FCD4B1D,new,cloned,OpenPecha-Data,/Users/tenzinyonten/layer_detection/data/raw_opf/I2FCD4B1D.opf
I2F35E7CC,new,cloned,OpenPecha-Data,/Users/tenzinyonten/layer_detection/data/raw_opf/I2F35E7CC.opf
I2EAAF38A,new,cloned,OpenPecha-Data,/Users/tenzinyonten/layer_detection/data/raw_opf/I2EAAF38A.opf
I2E52374B,new,cloned,OpenPecha-Data,/Users/tenzinyonten/layer_detection/data/raw_opf/I2E52374B.opf
I2E02CF4A,new,cloned,OpenPecha-Data,/Users/tenzinyonten/layer_detection/data/raw_opf/I2E02CF4A.opf
I2D96E5C8,new,cloned,OpenPecha-Data,/Users/tenzinyonten/layer_detection/data/raw_opf/I2D96E5C8.opf
I2D0F4FAF,new,cloned,OpenPecha-Data,/Users/tenzinyonten/layer_detection/data/raw_opf/I2D0F4FAF.opf
I2BC62A6F,new,cloned,OpenPecha-Data,/Users/tenzinyonten/layer_detection/data/raw_opf/I2BC62A6F.opf
I29CFF9F3,new,cloned,OpenPecha-Data,/Users/tenzinyonten/layer_detection/data/raw_opf/I29CFF9F3.opf
I27E347E9,new,cloned,OpenPecha-Data,/Users/tenzinyonten/layer_detection/data/raw_opf/I27E347E9.opf
I2618C5EC,new,cloned,OpenPecha-Data,/Users/tenzinyonten/layer_detection/data/raw_opf/I2618C5EC.opf
I25463E37,new,cloned,OpenPecha-Data,/Users/tenzinyonten/layer_detection/data/raw_opf/I25463E37.opf
I2522EBB0,new,cloned,OpenPecha-Data,/Users/tenzinyonten/layer_detection/data/raw_opf/I2522EBB0.opf
I24EDBDA0,new,cloned,OpenPecha-Data,/Users/tenzinyonten/layer_detection/data/raw_opf/I24EDBDA0.opf
I2342D649,new,cloned,OpenPecha-Data,/Users/tenzinyonten/layer_detection/data/raw_opf/I2342D649.opf
I23323023,new,cloned,OpenPecha-Data,/Users/tenzinyonten/layer_detection/data/raw_opf/I23323023.opf
I2133CA39,new,cloned,OpenPecha-Data,/Users/tenzinyonten/layer_detection/data/raw_opf/I2133CA39.opf
I1DCBD5CC,new,cloned,OpenPecha-Data,/Users/tenzinyonten/layer_detection/data/raw_opf/I1DCBD5CC.opf
I1CC06C39,new,cloned,OpenPecha-Data,/Users/tenzinyonten/layer_detection/data/raw_opf/I1CC06C39.opf
I19A08A51,new,cloned,OpenPecha-Data,/Users/tenzinyonten/layer_detection/data/raw_opf/I19A08A51.opf
I197F351D,new,cloned,OpenPecha-Data,/Users/tenzinyonten/layer_detection/data/raw_opf/I197F351D.opf
I1649804C,new,cloned,OpenPecha-Data,/Users/tenzinyonten/layer_detection/data/raw_opf/I1649804C.opf
I1637B774,new,cloned,OpenPecha-Data,/Users/tenzinyonten/layer_detection/data/raw_opf/I1637B774.opf
I163178A0,new,cloned,OpenPecha-Data,/Users/tenzinyonten/layer_detection/data/raw_opf/I163178A0.opf
I1561B2F5,new,cloned,OpenPecha-Data,/Users/tenzinyonten/layer_detection/data/raw_opf/I1561B2F5.opf
I130B5D0F,new,cloned,OpenPecha-Data,/Users/tenzinyonten/layer_detection/data/raw_opf/I130B5D0F.opf
I11440433,new,cloned,OpenPecha-Data,/Users/tenzinyonten/layer_detection/data/raw_opf/I11440433.opf
I10C4C4B5,new,cloned,OpenPecha-Data,/Users/tenzinyonten/layer_detection/data/raw_opf/I10C4C4B5.opf
I100E7DAD,new,cloned,OpenPecha-Data,/Users/tenzinyonten/layer_detection/data/raw_opf/I100E7DAD.opf
I0FE9ED9E,new,cloned,OpenPecha-Data,/Users/tenzinyonten/layer_detection/data/raw_opf/I0FE9ED9E.opf
I0FCFA88F,new,cloned,OpenPecha-Data,/Users/tenzinyonten/layer_detection/data/raw_opf/I0FCFA88F.opf
I08405360,new,cloned,OpenPecha-Data,/Users/tenzinyonten/layer_detection/data/raw_opf/I08405360.opf
I07EDDE07,new,cloned,OpenPecha-Data,/Users/tenzinyonten/layer_detection/data/raw_opf/I07EDDE07.opf
I07ECF0AE,new,cloned,OpenPecha-Data,/Users/tenzinyonten/layer_detection/data/raw_opf/I07ECF0AE.opf
I069801F1,new,cloned,OpenPecha-Data,/Users/tenzinyonten/layer_detection/data/raw_opf/I069801F1.opf
I058DD999,new,cloned,OpenPecha-Data,/Users/tenzinyonten/layer_detection/data/raw_opf/I058DD999.opf
I048844DB,new,cloned,OpenPecha-Data,/Users/tenzinyonten/layer_detection/data/raw_opf/I048844DB.opf
I0288940D,new,cloned,OpenPecha-Data,/Users/tenzinyonten/layer_detection/data/raw_opf/I0288940D.opf
I0156A8B1,new,cloned,OpenPecha-Data,/Users/tenzinyonten/layer_detection/data/raw_opf/I0156A8B1.opf
I014A51A2,new,cloned,OpenPecha-Data,/Users/tenzinyonten/layer_detection/data/raw_opf/I014A51A2.opf
I001D528B,new,cloned,OpenPecha-Data,/Users/tenzinyonten/layer_detection/data/raw_opf/I001D528B.opf
P000010,old,cloned,OpenPecha-Data,/Users/tenzinyonten/layer_detection/data/raw_opf/P000010.opf
P000011,old,cloned,OpenPecha-Data,/Users/tenzinyonten/layer_detection/data/raw_opf/P000011.opf
P000012,old,cloned,OpenPecha-Data,/Users/tenzinyonten/layer_detection/data/raw_opf/P000012.opf
P000013,old,cloned,OpenPecha-Data,/Users/tenzinyonten/layer_detection/data/raw_opf/P000013.opf
P000014,old,cloned,OpenPecha-Data,/Users/tenzinyonten/layer_detection/data/raw_opf/P000014.opf
P000015,old,cloned,OpenPecha-Data,/Users/tenzinyonten/layer_detection/data/raw_opf/P000015.opf
P000016,old,cloned,OpenPecha-Data,/Users/tenzinyonten/layer_detection/data/raw_opf/P000016.opf
P000017,old,cloned,OpenPecha-Data,/Users/tenzinyonten/layer_detection/data/raw_opf/P000017.opf
P000018,old,cloned,OpenPecha-Data,/Users/tenzinyonten/layer_detection/data/raw_opf/P000018.opf
P000019,old,cloned,OpenPecha-Data,/Users/tenzinyonten/layer_detection/data/raw_opf/P000019.opf
P000020,old,cloned,OpenPecha-Data,/Users/tenzinyonten/layer_detection/data/raw_opf/P000020.opf
P000021,old,cloned,OpenPecha-Data,/Users/tenzinyonten/layer_detection/data/raw_opf/P000021.opf
P000022,old,cloned,OpenPecha-Data,/Users/tenzinyonten/layer_detection/data/raw_opf/P000022.opf
P000023,old,cloned,OpenPecha-Data,/Users/tenzinyonten/layer_detection/data/raw_opf/P000023.opf
P000024,old,cloned,OpenPecha-Data,/Users/tenzinyonten/layer_detection/data/raw_opf/P000024.opf
P000025,old,cloned,OpenPecha-Data,/Users/tenzinyonten/layer_detection/data/raw_opf/P000025.opf
P000026,old,cloned,OpenPecha-Data,/Users/tenzinyonten/layer_detection/data/raw_opf/P000026.opf
P000027,old,cloned,OpenPecha-Data,/Users/tenzinyonten/layer_detection/data/raw_opf/P000027.opf
P000028,old,cloned,OpenPecha-Data,/Users/tenzinyonten/layer_detection/data/raw_opf/P000028.opf
P000029,old,cloned,OpenPecha-Data,/Users/tenzinyonten/layer_detection/data/raw_opf/P000029.opf
P000030,old,cloned,OpenPecha-Data,/Users/tenzinyonten/layer_detection/data/raw_opf/P000030.opf
P000031,old,cloned,OpenPecha-Data,/Users/tenzinyonten/layer_detection/data/raw_opf/P000031.opf
P000032,old,cloned,OpenPecha-Data,/Users/tenzinyonten/layer_detection/data/raw_opf/P000032.opf
P000033,old,cloned,OpenPecha-Data,/Users/tenzinyonten/layer_detection/data/raw_opf/P000033.opf
P000034,old,cloned,OpenPecha-Data,/Users/tenzinyonten/layer_detection/data/raw_opf/P000034.opf
P000035,old,cloned,OpenPecha-Data,/Users/tenzinyonten/layer_detection/data/raw_opf/P000035.opf
P000036,old,cloned,OpenPecha-Data,/Users/tenzinyonten/layer_detection/data/raw_opf/P000036.opf
P000037,old,cloned,OpenPecha-Data,/Users/tenzinyonten/layer_detection/data/raw_opf/P000037.opf
P000038,old,cloned,OpenPecha-Data,/Users/tenzinyonten/layer_detection/data/raw_opf/P000038.opf
P000039,old,cloned,OpenPecha-Data,/Users/tenzinyonten/layer_detection/data/raw_opf/P000039.opf
P000040,old,cloned,OpenPecha-Data,/Users/tenzinyonten/layer_detection/data/raw_opf/P000040.opf
P000042,old,cloned,OpenPecha-Data,/Users/tenzinyonten/layer_detection/data/raw_opf/P000042.opf
P000043,old,cloned,OpenPecha-Data,/Users/tenzinyonten/layer_detection/data/raw_opf/P000043.opf
P000044,old,cloned,OpenPecha-Data,/Users/tenzinyonten/layer_detection/data/raw_opf/P000044.opf
P000045,old,cloned,OpenPecha-Data,/Users/tenzinyonten/layer_detection/data/raw_opf/P000045.opf
P000046,old,cloned,OpenPecha-Data,/Users/tenzinyonten/layer_detection/data/raw_opf/P000046.opf
P000047,old,cloned,OpenPecha-Data,/Users/tenzinyonten/layer_detection/data/raw_opf/P000047.opf
P000048,old,cloned,OpenPecha-Data,/Users/tenzinyonten/layer_detection/data/raw_opf/P000048.opf
P000049,old,cloned,OpenPecha-Data,/Users/tenzinyonten/layer_detection/data/raw_opf/P000049.opf
P000050,old,cloned,OpenPecha-Data,/Users/tenzinyonten/layer_detection/data/raw_opf/P000050.opf
P000051,old,cloned,OpenPecha-Data,/Users/tenzinyonten/layer_detection/data/raw_opf/P000051.opf
P000052,old,cloned,OpenPecha-Data,/Users/tenzinyonten/layer_detection/data/raw_opf/P000052.opf
P000053,old,cloned,OpenPecha-Data,/Users/tenzinyonten/layer_detection/data/raw_opf/P000053.opf
P000054,old,cloned,OpenPecha-Data,/Users/tenzinyonten/layer_detection/data/raw_opf/P000054.opf
P000055,old,cloned,OpenPecha-Data,/Users/tenzinyonten/layer_detection/data/raw_opf/P000055.opf
P000056,old,cloned,OpenPecha-Data,/Users/tenzinyonten/layer_detection/data/raw_opf/P000056.opf
P000057,old,cloned,OpenPecha-Data,/Users/tenzinyonten/layer_detection/data/raw_opf/P000057.opf
P000058,old,cloned,OpenPecha-Data,/Users/tenzinyonten/layer_detection/data/raw_opf/P000058.opf
P000059,old,cloned,OpenPecha-Data,/Users/tenzinyonten/layer_detection/data/raw_opf/P000059.opf
P000060,old,cloned,OpenPecha-Data,/Users/tenzinyonten/layer_detection/data/raw_opf/P000060.opf
P000061,old,cloned,OpenPecha-Data,/Users/tenzinyonten/layer_detection/data/raw_opf/P000061.opf
P000062,old,cloned,OpenPecha-Data,/Users/tenzinyonten/layer_detection/data/raw_opf/P000062.opf
P000063,old,cloned,OpenPecha-Data,/Users/tenzinyonten/layer_detection/data/raw_opf/P000063.opf
P000064,old,cloned,OpenPecha-Data,/Users/tenzinyonten/layer_detection/data/raw_opf/P000064.opf
P000065,old,cloned,OpenPecha-Data,/Users/tenzinyonten/layer_detection/data/raw_opf/P000065.opf
P000066,old,cloned,OpenPecha-Data,/Users/tenzinyonten/layer_detection/data/raw_opf/P000066.opf
P000067,old,cloned,OpenPecha-Data,/Users/tenzinyonten/layer_detection/data/raw_opf/P000067.opf
P000068,old,cloned,OpenPecha-Data,/Users/tenzinyonten/layer_detection/data/raw_opf/P000068.opf
P000069,old,cloned,OpenPecha-Data,/Users/tenzinyonten/layer_detection/data/raw_opf/P000069.opf
P000070,old,cloned,OpenPecha-Data,/Users/tenzinyonten/layer_detection/data/raw_opf/P000070.opf
P000071,old,cloned,OpenPecha-Data,/Users/tenzinyonten/layer_detection/data/raw_opf/P000071.opf
P000072,old,cloned,OpenPecha-Data,/Users/tenzinyonten/layer_detection/data/raw_opf/P000072.opf
P000073,old,cloned,OpenPecha-Data,/Users/tenzinyonten/layer_detection/data/raw_opf/P000073.opf
P000074,old,cloned,OpenPecha-Data,/Users/tenzinyonten/layer_detection/data/raw_opf/P000074.opf
P000075,old,cloned,OpenPecha-Data,/Users/tenzinyonten/layer_detection/data/raw_opf/P000075.opf
P000076,old,cloned,OpenPecha-Data,/Users/tenzinyonten/layer_detection/data/raw_opf/P000076.opf
P000077,old,cloned,OpenPecha-Data,/Users/tenzinyonten/layer_detection/data/raw_opf/P000077.opf
P000078,old,cloned,OpenPecha-Data,/Users/tenzinyonten/layer_detection/data/raw_opf/P000078.opf
P000079,old,cloned,OpenPecha-Data,/Users/tenzinyonten/layer_detection/data/raw_opf/P000079.opf
P000080,old,cloned,OpenPecha-Data,/Users/tenzinyonten/layer_detection/data/raw_opf/P000080.opf
P000081,old,cloned,OpenPecha-Data,/Users/tenzinyonten/layer_detection/data/raw_opf/P000081.opf
P000082,old,cloned,OpenPecha-Data,/Users/tenzinyonten/layer_detection/data/raw_opf/P000082.opf
P000083,old,cloned,OpenPecha-Data,/Users/tenzinyonten/layer_detection/data/raw_opf/P000083.opf
P000084,old,cloned,OpenPecha-Data,/Users/tenzinyonten/layer_detection/data/raw_opf/P000084.opf
P000085,old,cloned,OpenPecha-Data,/Users/tenzinyonten/layer_detection/data/raw_opf/P000085.opf
P000086,old,cloned,OpenPecha-Data,/Users/tenzinyonten/layer_detection/data/raw_opf/P000086.opf
P000087,old,cloned,OpenPecha-Data,/Users/tenzinyonten/layer_detection/data/raw_opf/P000087.opf
P000088,old,cloned,OpenPecha-Data,/Users/tenzinyonten/layer_detection/data/raw_opf/P000088.opf
P000089,old,cloned,OpenPecha-Data,/Users/tenzinyonten/layer_detection/data/raw_opf/P000089.opf
P000090,old,cloned,OpenPecha-Data,/Users/tenzinyonten/layer_detection/data/raw_opf/P000090.opf
P000091,old,cloned,OpenPecha-Data,/Users/tenzinyonten/layer_detection/data/raw_opf/P000091.opf
P000092,old,cloned,OpenPecha-Data,/Users/tenzinyonten/layer_detection/data/raw_opf/P000092.opf
P000093,old,cloned,OpenPecha-Data,/Users/tenzinyonten/layer_detection/data/raw_opf/P000093.opf
P000094,old,cloned,OpenPecha-Data,/Users/tenzinyonten/layer_detection/data/raw_opf/P000094.opf
P000095,old,cloned,OpenPecha-Data,/Users/tenzinyonten/layer_detection/data/raw_opf/P000095.opf
P000096,old,cloned,OpenPecha-Data,/Users/tenzinyonten/layer_detection/data/raw_opf/P000096.opf
P000097,old,cloned,OpenPecha-Data,/Users/tenzinyonten/layer_detection/data/raw_opf/P000097.opf
P000098,old,cloned,OpenPecha-Data,/Users/tenzinyonten/layer_detection/data/raw_opf/P000098.opf
P000099,old,cloned,OpenPecha-Data,/Users/tenzinyonten/layer_detection/data/raw_opf/P000099.opf
P000100,old,cloned,OpenPecha-Data,/Users/tenzinyonten/layer_detection/data/raw_opf/P000100.opf
P000101,old,cloned,OpenPecha-Data,/Users/tenzinyonten/layer_detection/data/raw_opf/P000101.opf
P000102,old,cloned,OpenPecha-Data,/Users/tenzinyonten/layer_detection/data/raw_opf/P000102.opf
P000103,old,cloned,OpenPecha-Data,/Users/tenzinyonten/layer_detection/data/raw_opf/P000103.opf
P000104,old,cloned,OpenPecha-Data,/Users/tenzinyonten/layer_detection/data/raw_opf/P000104.opf
P000105,old,cloned,OpenPecha-Data,/Users/tenzinyonten/layer_detection/data/raw_opf/P000105.opf
P000106,old,cloned,OpenPecha-Data,/Users/tenzinyonten/layer_detection/data/raw_opf/P000106.opf
P000107,old,cloned,OpenPecha-Data,/Users/tenzinyonten/layer_detection/data/raw_opf/P000107.opf
P000108,old,cloned,OpenPecha-Data,/Users/tenzinyonten/layer_detection/data/raw_opf/P000108.opf
P000109,old,cloned,OpenPecha-Data,/Users/tenzinyonten/layer_detection/data/raw_opf/P000109.opf
P000110,old,cloned,OpenPecha-Data,/Users/tenzinyonten/layer_detection/data/raw_opf/P000110.opf
P000111,old,cloned,OpenPecha-Data,/Users/tenzinyonten/layer_detection/data/raw_opf/P000111.opf
P000112,old,cloned,OpenPecha-Data,/Users/tenzinyonten/layer_detection/data/raw_opf/P000112.opf
P000113,old,cloned,OpenPecha-Data,/Users/tenzinyonten/layer_detection/data/raw_opf/P000113.opf
P000114,old,cloned,OpenPecha-Data,/Users/tenzinyonten/layer_detection/data/raw_opf/P000114.opf
P000115,old,cloned,OpenPecha-Data,/Users/tenzinyonten/layer_detection/data/raw_opf/P000115.opf
P000116,old,cloned,OpenPecha-Data,/Users/tenzinyonten/layer_detection/data/raw_opf/P000116.opf
P000117,old,cloned,OpenPecha-Data,/Users/tenzinyonten/layer_detection/data/raw_opf/P000117.opf
P000118,old,cloned,OpenPecha-Data,/Users/tenzinyonten/layer_detection/data/raw_opf/P000118.opf
P000119,old,cloned,OpenPecha-Data,/Users/tenzinyonten/layer_detection/data/raw_opf/P000119.opf
P000120,old,cloned,OpenPecha-Data,/Users/tenzinyonten/layer_detection/data/raw_opf/P000120.opf
P000121,old,cloned,OpenPecha-Data,/Users/tenzinyonten/layer_detection/data/raw_opf/P000121.opf
P000122,old,cloned,OpenPecha-Data,/Users/tenzinyonten/layer_detection/data/raw_opf/P000122.opf
P000123,old,cloned,OpenPecha-Data,/Users/tenzinyonten/layer_detection/data/raw_opf/P000123.opf
P000124,old,cloned,OpenPecha-Data,/Users/tenzinyonten/layer_detection/data/raw_opf/P000124.opf
P000125,old,cloned,OpenPecha-Data,/Users/tenzinyonten/layer_detection/data/raw_opf/P000125.opf
P000126,old,cloned,OpenPecha-Data,/Users/tenzinyonten/layer_detection/data/raw_opf/P000126.opf
P000127,old,cloned,OpenPecha-Data,/Users/tenzinyonten/layer_detection/data/raw_opf/P000127.opf
P000128,old,cloned,OpenPecha-Data,/Users/tenzinyonten/layer_detection/data/raw_opf/P000128.opf
P000129,old,cloned,OpenPecha-Data,/Users/tenzinyonten/layer_detection/data/raw_opf/P000129.opf
P000130,old,cloned,OpenPecha-Data,/Users/tenzinyonten/layer_detection/data/raw_opf/P000130.opf
P000131,old,cloned,OpenPecha-Data,/Users/tenzinyonten/layer_detection/data/raw_opf/P000131.opf
P000132,old,cloned,OpenPecha-Data,/Users/tenzinyonten/layer_detection/data/raw_opf/P000132.opf
P000133,old,cloned,OpenPecha-Data,/Users/tenzinyonten/layer_detection/data/raw_opf/P000133.opf
P000134,old,cloned,OpenPecha-Data,/Users/tenzinyonten/layer_detection/data/raw_opf/P000134.opf
P000135,old,cloned,OpenPecha-Data,/Users/tenzinyonten/layer_detection/data/raw_opf/P000135.opf
P000136,old,cloned,OpenPecha-Data,/Users/tenzinyonten/layer_detection/data/raw_opf/P000136.opf
P000137,old,cloned,OpenPecha-Data,/Users/tenzinyonten/layer_detection/data/raw_opf/P000137.opf
P000138,old,cloned,OpenPecha-Data,/Users/tenzinyonten/layer_detection/data/raw_opf/P000138.opf
P000139,old,cloned,OpenPecha-Data,/Users/tenzinyonten/layer_detection/data/raw_opf/P000139.opf
P000140,old,cloned,OpenPecha-Data,/Users/tenzinyonten/layer_detection/data/raw_opf/P000140.opf
P000141,old,cloned,OpenPecha-Data,/Users/tenzinyonten/layer_detection/data/raw_opf/P000141.opf
P000142,old,cloned,OpenPecha-Data,/Users/tenzinyonten/layer_detection/data/raw_opf/P000142.opf
P000143,old,cloned,OpenPecha-Data,/Users/tenzinyonten/layer_detection/data/raw_opf/P000143.opf
P000144,old,cloned,OpenPecha-Data,/Users/tenzinyonten/layer_detection/data/raw_opf/P000144.opf
P000145,old,cloned,OpenPecha-Data,/Users/tenzinyonten/layer_detection/data/raw_opf/P000145.opf
P000146,old,cloned,OpenPecha-Data,/Users/tenzinyonten/layer_detection/data/raw_opf/P000146.opf
P000147,old,cloned,OpenPecha-Data,/Users/tenzinyonten/layer_detection/data/raw_opf/P000147.opf
P000148,old,cloned,OpenPecha-Data,/Users/tenzinyonten/layer_detection/data/raw_opf/P000148.opf
P000149,old,cloned,OpenPecha-Data,/Users/tenzinyonten/layer_detection/data/raw_opf/P000149.opf
P000150,old,cloned,OpenPecha-Data,/Users/tenzinyonten/layer_detection/data/raw_opf/P000150.opf
P000151,old,cloned,OpenPecha-Data,/Users/tenzinyonten/layer_detection/data/raw_opf/P000151.opf
P000152,old,cloned,OpenPecha-Data,/Users/tenzinyonten/layer_detection/data/raw_opf/P000152.opf
P000153,old,cloned,OpenPecha-Data,/Users/tenzinyonten/layer_detection/data/raw_opf/P000153.opf
P000154,old,cloned,OpenPecha-Data,/Users/tenzinyonten/layer_detection/data/raw_opf/P000154.opf
P000155,old,cloned,OpenPecha-Data,/Users/tenzinyonten/layer_detection/data/raw_opf/P000155.opf
P000156,old,cloned,OpenPecha-Data,/Users/tenzinyonten/layer_detection/data/raw_opf/P000156.opf
P000157,old,cloned,OpenPecha-Data,/Users/tenzinyonten/layer_detection/data/raw_opf/P000157.opf
P000158,old,cloned,OpenPecha-Data,/Users/tenzinyonten/layer_detection/data/raw_opf/P000158.opf
P000159,old,cloned,OpenPecha-Data,/Users/tenzinyonten/layer_detection/data/raw_opf/P000159.opf
P000160,old,cloned,OpenPecha-Data,/Users/tenzinyonten/layer_detection/data/raw_opf/P000160.opf
P000161,old,cloned,OpenPecha-Data,/Users/tenzinyonten/layer_detection/data/raw_opf/P000161.opf
P000162,old,cloned,OpenPecha-Data,/Users/tenzinyonten/layer_detection/data/raw_opf/P000162.opf
P000163,old,cloned,OpenPecha-Data,/Users/tenzinyonten/layer_detection/data/raw_opf/P000163.opf
P000164,old,cloned,OpenPecha-Data,/Users/tenzinyonten/layer_detection/data/raw_opf/P000164.opf
P000165,old,cloned,OpenPecha-Data,/Users/tenzinyonten/layer_detection/data/raw_opf/P000165.opf
P000166,old,cloned,OpenPecha-Data,/Users/tenzinyonten/layer_detection/data/raw_opf/P000166.opf
P000167,old,cloned,OpenPecha-Data,/Users/tenzinyonten/layer_detection/data/raw_opf/P000167.opf
P000168,old,cloned,OpenPecha-Data,/Users/tenzinyonten/layer_detection/data/raw_opf/P000168.opf
P000169,old,cloned,OpenPecha-Data,/Users/tenzinyonten/layer_detection/data/raw_opf/P000169.opf
P000170,old,cloned,OpenPecha-Data,/Users/tenzinyonten/layer_detection/data/raw_opf/P000170.opf
P000171,old,cloned,OpenPecha-Data,/Users/tenzinyonten/layer_detection/data/raw_opf/P000171.opf
P000172,old,cloned,OpenPecha-Data,/Users/tenzinyonten/layer_detection/data/raw_opf/P000172.opf
P000173,old,cloned,OpenPecha-Data,/Users/tenzinyonten/layer_detection/data/raw_opf/P000173.opf
P000174,old,cloned,OpenPecha-Data,/Users/tenzinyonten/layer_detection/data/raw_opf/P000174.opf
P000175,old,cloned,OpenPecha-Data,/Users/tenzinyonten/layer_detection/data/raw_opf/P000175.opf
P000176,old,cloned,OpenPecha-Data,/Users/tenzinyonten/layer_detection/data/raw_opf/P000176.opf
P000177,old,cloned,OpenPecha-Data,/Users/tenzinyonten/layer_detection/data/raw_opf/P000177.opf
P000178,old,cloned,OpenPecha-Data,/Users/tenzinyonten/layer_detection/data/raw_opf/P000178.opf
P000179,old,cloned,OpenPecha-Data,/Users/tenzinyonten/layer_detection/data/raw_opf/P000179.opf
P000180,old,cloned,OpenPecha-Data,/Users/tenzinyonten/layer_detection/data/raw_opf/P000180.opf
P000182,old,cloned,OpenPecha-Data,/Users/tenzinyonten/layer_detection/data/raw_opf/P000182.opf
P000183,old,cloned,OpenPecha-Data,/Users/tenzinyonten/layer_detection/data/raw_opf/P000183.opf
P000184,old,cloned,OpenPecha-Data,/Users/tenzinyonten/layer_detection/data/raw_opf/P000184.opf
P000185,old,cloned,OpenPecha-Data,/Users/tenzinyonten/layer_detection/data/raw_opf/P000185.opf
P000186,old,cloned,OpenPecha-Data,/Users/tenzinyonten/layer_detection/data/raw_opf/P000186.opf
P000187,old,cloned,OpenPecha-Data,/Users/tenzinyonten/layer_detection/data/raw_opf/P000187.opf
P000188,old,cloned,OpenPecha-Data,/Users/tenzinyonten/layer_detection/data/raw_opf/P000188.opf
P000189,old,cloned,OpenPecha-Data,/Users/tenzinyonten/layer_detection/data/raw_opf/P000189.opf
P000190,old,cloned,OpenPecha-Data,/Users/tenzinyonten/layer_detection/data/raw_opf/P000190.opf
P000191,old,cloned,OpenPecha-Data,/Users/tenzinyonten/layer_detection/data/raw_opf/P000191.opf
P000192,old,cloned,OpenPecha-Data,/Users/tenzinyonten/layer_detection/data/raw_opf/P000192.opf
P000193,old,cloned,OpenPecha-Data,/Users/tenzinyonten/layer_detection/data/raw_opf/P000193.opf
P000194,old,cloned,OpenPecha-Data,/Users/tenzinyonten/layer_detection/data/raw_opf/P000194.opf
P000195,old,cloned,OpenPecha-Data,/Users/tenzinyonten/layer_detection/data/raw_opf/P000195.opf
P000196,old,cloned,OpenPecha-Data,/Users/tenzinyonten/layer_detection/data/raw_opf/P000196.opf
P000197,old,cloned,OpenPecha-Data,/Users/tenzinyonten/layer_detection/data/raw_opf/P000197.opf
P000198,old,cloned,OpenPecha-Data,/Users/tenzinyonten/layer_detection/data/raw_opf/P000198.opf
P000199,old,cloned,OpenPecha-Data,/Users/tenzinyonten/layer_detection/data/raw_opf/P000199.opf
P000200,old,cloned,OpenPecha-Data,/Users/tenzinyonten/layer_detection/data/raw_opf/P000200.opf
P000201,old,cloned,OpenPecha-Data,/Users/tenzinyonten/layer_detection/data/raw_opf/P000201.opf
P000202,old,cloned,OpenPecha-Data,/Users/tenzinyonten/layer_detection/data/raw_opf/P000202.opf
P000203,old,cloned,OpenPecha-Data,/Users/tenzinyonten/layer_detection/data/raw_opf/P000203.opf
P000204,old,cloned,OpenPecha-Data,/Users/tenzinyonten/layer_detection/data/raw_opf/P000204.opf
P000205,old,cloned,OpenPecha-Data,/Users/tenzinyonten/layer_detection/data/raw_opf/P000205.opf
P000206,old,cloned,OpenPecha-Data,/Users/tenzinyonten/layer_detection/data/raw_opf/P000206.opf
P000207,old,cloned,OpenPecha-Data,/Users/tenzinyonten/layer_detection/data/raw_opf/P000207.opf
P000208,old,cloned,OpenPecha-Data,/Users/tenzinyonten/layer_detection/data/raw_opf/P000208.opf
P000209,old,cloned,OpenPecha-Data,/Users/tenzinyonten/layer_detection/data/raw_opf/P000209.opf
P000210,old,cloned,OpenPecha-Data,/Users/tenzinyonten/layer_detection/data/raw_opf/P000210.opf
P000211,old,cloned,OpenPecha-Data,/Users/tenzinyonten/layer_detection/data/raw_opf/P000211.opf
P000212,old,cloned,OpenPecha-Data,/Users/tenzinyonten/layer_detection/data/raw_opf/P000212.opf
P000213,old,cloned,OpenPecha-Data,/Users/tenzinyonten/layer_detection/data/raw_opf/P000213.opf
P000214,old,cloned,OpenPecha-Data,/Users/tenzinyonten/layer_detection/data/raw_opf/P000214.opf
P000215,old,cloned,OpenPecha-Data,/Users/tenzinyonten/layer_detection/data/raw_opf/P000215.opf
P000216,old,cloned,OpenPecha-Data,/Users/tenzinyonten/layer_detection/data/raw_opf/P000216.opf
P000217,old,cloned,OpenPecha-Data,/Users/tenzinyonten/layer_detection/data/raw_opf/P000217.opf
P000218,old,cloned,OpenPecha-Data,/Users/tenzinyonten/layer_detection/data/raw_opf/P000218.opf
P000219,old,cloned,OpenPecha-Data,/Users/tenzinyonten/layer_detection/data/raw_opf/P000219.opf
P000220,old,cloned,OpenPecha-Data,/Users/tenzinyonten/layer_detection/data/raw_opf/P000220.opf
P000221,old,cloned,OpenPecha-Data,/Users/tenzinyonten/layer_detection/data/raw_opf/P000221.opf
P000222,old,cloned,OpenPecha-Data,/Users/tenzinyonten/layer_detection/data/raw_opf/P000222.opf
P000223,old,cloned,OpenPecha-Data,/Users/tenzinyonten/layer_detection/data/raw_opf/P000223.opf
P000224,old,cloned,OpenPecha-Data,/Users/tenzinyonten/layer_detection/data/raw_opf/P000224.opf
P000225,old,cloned,OpenPecha-Data,/Users/tenzinyonten/layer_detection/data/raw_opf/P000225.opf
P000226,old,cloned,OpenPecha-Data,/Users/tenzinyonten/layer_detection/data/raw_opf/P000226.opf
P000227,old,cloned,OpenPecha-Data,/Users/tenzinyonten/layer_detection/data/raw_opf/P000227.opf
P000228,old,cloned,OpenPecha-Data,/Users/tenzinyonten/layer_detection/data/raw_opf/P000228.opf
P000229,old,cloned,OpenPecha-Data,/Users/tenzinyonten/layer_detection/data/raw_opf/P000229.opf
P000230,old,cloned,OpenPecha-Data,/Users/tenzinyonten/layer_detection/data/raw_opf/P000230.opf
P000231,old,cloned,OpenPecha-Data,/Users/tenzinyonten/layer_detection/data/raw_opf/P000231.opf
P000232,old,cloned,OpenPecha-Data,/Users/tenzinyonten/layer_detection/data/raw_opf/P000232.opf
P000233,old,cloned,OpenPecha-Data,/Users/tenzinyonten/layer_detection/data/raw_opf/P000233.opf
P000234,old,cloned,OpenPecha-Data,/Users/tenzinyonten/layer_detection/data/raw_opf/P000234.opf
P000235,old,cloned,OpenPecha-Data,/Users/tenzinyonten/layer_detection/data/raw_opf/P000235.opf
P000236,old,cloned,OpenPecha-Data,/Users/tenzinyonten/layer_detection/data/raw_opf/P000236.opf
P000237,old,cloned,OpenPecha-Data,/Users/tenzinyonten/layer_detection/data/raw_opf/P000237.opf
P000238,old,cloned,OpenPecha-Data,/Users/tenzinyonten/layer_detection/data/raw_opf/P000238.opf
P000239,old,cloned,OpenPecha-Data,/Users/tenzinyonten/layer_detection/data/raw_opf/P000239.opf
P000240,old,cloned,OpenPecha-Data,/Users/tenzinyonten/layer_detection/data/raw_opf/P000240.opf
P000241,old,cloned,OpenPecha-Data,/Users/tenzinyonten/layer_detection/data/raw_opf/P000241.opf
P000242,old,cloned,OpenPecha-Data,/Users/tenzinyonten/layer_detection/data/raw_opf/P000242.opf
P000243,old,cloned,OpenPecha-Data,/Users/tenzinyonten/layer_detection/data/raw_opf/P000243.opf
P000244,old,cloned,OpenPecha-Data,/Users/tenzinyonten/layer_detection/data/raw_opf/P000244.opf
P000245,old,cloned,OpenPecha-Data,/Users/tenzinyonten/layer_detection/data/raw_opf/P000245.opf
P000246,old,cloned,OpenPecha-Data,/Users/tenzinyonten/layer_detection/data/raw_opf/P000246.opf
P000247,old,cloned,OpenPecha-Data,/Users/tenzinyonten/layer_detection/data/raw_opf/P000247.opf
P000248,old,cloned,OpenPecha-Data,/Users/tenzinyonten/layer_detection/data/raw_opf/P000248.opf
P000249,old,cloned,OpenPecha-Data,/Users/tenzinyonten/layer_detection/data/raw_opf/P000249.opf
P000250,old,cloned,OpenPecha-Data,/Users/tenzinyonten/layer_detection/data/raw_opf/P000250.opf
P000251,old,cloned,OpenPecha-Data,/Users/tenzinyonten/layer_detection/data/raw_opf/P000251.opf
P000252,old,cloned,OpenPecha-Data,/Users/tenzinyonten/layer_detection/data/raw_opf/P000252.opf
P000253,old,cloned,OpenPecha-Data,/Users/tenzinyonten/layer_detection/data/raw_opf/P000253.opf
P000254,old,cloned,OpenPecha-Data,/Users/tenzinyonten/layer_detection/data/raw_opf/P000254.opf
P000255,old,cloned,OpenPecha-Data,/Users/tenzinyonten/layer_detection/data/raw_opf/P000255.opf
P000256,old,cloned,OpenPecha-Data,/Users/tenzinyonten/layer_detection/data/raw_opf/P000256.opf
P000257,old,cloned,OpenPecha-Data,/Users/tenzinyonten/layer_detection/data/raw_opf/P000257.opf
P000258,old,cloned,OpenPecha-Data,/Users/tenzinyonten/layer_detection/data/raw_opf/P000258.opf
P000259,old,cloned,OpenPecha-Data,/Users/tenzinyonten/layer_detection/data/raw_opf/P000259.opf
P000260,old,cloned,OpenPecha-Data,/Users/tenzinyonten/layer_detection/data/raw_opf/P000260.opf
P000261,old,cloned,OpenPecha-Data,/Users/tenzinyonten/layer_detection/data/raw_opf/P000261.opf
P000262,old,cloned,OpenPecha-Data,/Users/tenzinyonten/layer_detection/data/raw_opf/P000262.opf
P000263,old,cloned,OpenPecha-Data,/Users/tenzinyonten/layer_detection/data/raw_opf/P000263.opf
P000264,old,cloned,OpenPecha-Data,/Users/tenzinyonten/layer_detection/data/raw_opf/P000264.opf
P000265,old,cloned,OpenPecha-Data,/Users/tenzinyonten/layer_detection/data/raw_opf/P000265.opf
P000266,old,cloned,OpenPecha-Data,/Users/tenzinyonten/layer_detection/data/raw_opf/P000266.opf
P000267,old,cloned,OpenPecha-Data,/Users/tenzinyonten/layer_detection/data/raw_opf/P000267.opf
P000268,old,cloned,OpenPecha-Data,/Users/tenzinyonten/layer_detection/data/raw_opf/P000268.opf
P000269,old,cloned,OpenPecha-Data,/Users/tenzinyonten/layer_detection/data/raw_opf/P000269.opf
P000270,old,cloned,OpenPecha-Data,/Users/tenzinyonten/layer_detection/data/raw_opf/P000270.opf
P000271,old,cloned,OpenPecha-Data,/Users/tenzinyonten/layer_detection/data/raw_opf/P000271.opf
P000272,old,cloned,OpenPecha-Data,/Users/tenzinyonten/layer_detection/data/raw_opf/P000272.opf
P000273,old,cloned,OpenPecha-Data,/Users/tenzinyonten/layer_detection/data/raw_opf/P000273.opf
P000274,old,cloned,OpenPecha-Data,/Users/tenzinyonten/layer_detection/data/raw_opf/P000274.opf
P000275,old,cloned,OpenPecha-Data,/Users/tenzinyonten/layer_detection/data/raw_opf/P000275.opf
P000276,old,cloned,OpenPecha-Data,/Users/tenzinyonten/layer_detection/data/raw_opf/P000276.opf
P000277,old,cloned,OpenPecha-Data,/Users/tenzinyonten/layer_detection/data/raw_opf/P000277.opf
