pecha_id,has_tsawa,n_tsawa,has_commentary,n_commentary,text_chars,group,unlabelled_verse_runs,runs_per_100k_chars
I52F33C02,False,0,True,383,279669,commentary only,505,180.6
I6F70ED49,False,0,True,1454,711926,commentary only,458,64.3
I57BB7B28,False,0,True,384,583830,commentary only,432,74.0
IACBA255A,False,0,True,187,311043,commentary only,426,137.0
I2342D649,False,0,True,171,453046,commentary only,399,88.1
I7A79CC95,False,0,True,29,739853,commentary only,333,45.0
I3D257F64,False,0,True,301,160319,commentary only,317,197.7
I79F57A79,False,0,True,301,160644,commentary only,317,197.3
I518A01A8,False,0,True,188,290789,commentary only,281,96.6
IE1B4BBB9,False,0,True,402,92715,commentary only,280,302.0
ID13E3867,False,0,True,752,483768,commentary only,270,55.8
I4EE8C636,False,0,True,140,407949,commentary only,259,63.5
IDAE0EA08,False,0,True,122,279689,commentary only,185,66.1
IFAAADEA1,False,0,True,129,94614,commentary only,164,173.3
IB4B89F9C,False,0,True,312,425538,commentary only,147,34.5
I7C0B99BB,False,0,True,53,119011,commentary only,146,122.7
IBCF6B0BA,False,0,True,160,149555,commentary only,146,97.6
I55D7A55C,False,0,True,166,30274,commentary only,125,412.9
I99DF06AA,False,0,True,327,475299,commentary only,122,25.7
IC8A4519C,False,0,True,112,146968,commentary only,105,71.4
I27F687A4,False,0,True,6,87045,commentary only,100,114.9
IC421942A,False,0,True,16,63180,commentary only,100,158.3
IDB6093E9,False,0,True,518,389471,commentary only,90,23.1
IB2BA1922,False,0,True,444,790885,commentary only,85,10.7
IF4F5D041,False,0,True,4,48607,commentary only,78,160.5
IC7A5FC73,False,0,True,495,357663,commentary only,77,21.5
I29CFF9F3,False,0,True,176,281600,commentary only,75,26.6
IEB5D4BEB,False,0,True,25,289482,commentary only,74,25.6
I9658BC87,False,0,True,97,559981,commentary only,68,12.1
IFFA911F5,False,0,True,387,156768,commentary only,66,42.1
I4DFE9067,False,0,True,4,78679,commentary only,64,81.3
IE3ACE254,False,0,True,128,751000,commentary only,57,7.6
IBD1386A4,False,0,True,76,189841,commentary only,51,26.9
I8EC6D8E9,False,0,True,26,37575,commentary only,48,127.7
I048844DB,False,0,True,59,50543,commentary only,46,91.0
IBB812389,False,0,True,15,54112,commentary only,46,85.0
I24EDBDA0,False,0,True,626,559845,commentary only,42,7.5
I8CEEFEFC,False,0,True,29,97625,commentary only,42,43.0
I2B02A144,False,0,True,526,560215,commentary only,41,7.3
I61AB8DA8,False,0,True,539,244959,commentary only,41,16.7
I4BECA32D,False,0,True,519,281933,commentary only,40,14.2
I968B73EB,False,0,True,17,116379,commentary only,37,31.8
I08405360,False,0,True,300,346900,commentary only,37,10.7
IFF05DE5E,False,0,True,11,25167,commentary only,36,143.0
ID8FE83E3,False,0,True,1149,729586,commentary only,35,4.8
IB503BC08,False,0,True,11,54995,commentary only,34,61.8
I2E02CF4A,False,0,True,9,102690,commentary only,29,28.2
I5AEEE5CA,False,0,True,753,499234,commentary only,28,5.6
I8995895C,False,0,True,1,8212,commentary only,27,328.8
IC9EE0A24,False,0,True,27,57439,commentary only,26,45.3
I6D4C317A,False,0,True,18,101431,commentary only,26,25.6
I43575A14,False,0,True,25,64884,commentary only,24,37.0
I4ABDA91A,False,0,True,273,521338,commentary only,22,4.2
I4C242C84,False,0,True,274,487134,commentary only,22,4.5
I001D528B,False,0,True,188,207753,commentary only,21,10.1
I07ECF0AE,False,0,True,1168,93532,commentary only,21,22.5
ID5714205,False,0,True,468,465233,commentary only,21,4.5
I8222749E,False,0,True,15,15892,commentary only,21,132.1
I7989272E,False,0,True,10,101174,commentary only,21,20.8
IE0AB7438,False,0,True,351,295963,commentary only,20,6.8
I2D0F4FAF,False,0,True,25,30011,commentary only,20,66.6
IACD4469E,False,0,True,28,524931,commentary only,19,3.6
I33763376,False,0,True,165,111066,commentary only,19,17.1
I2618C5EC,False,0,True,117,84690,commentary only,18,21.3
I1649804C,False,0,True,80,40079,commentary only,18,44.9
IC868EE6F,False,0,True,19,14432,commentary only,16,110.9
IBB199AAB,False,0,True,144,74644,commentary only,16,21.4
I0288940D,False,0,True,2,30074,commentary only,15,49.9
I64B5DDDD,False,0,True,39,166926,commentary only,14,8.4
IEFE24A29,False,0,True,9,12939,commentary only,13,100.5
I45222122,False,0,True,271,292571,commentary only,13,4.4
I9EE3E92B,False,0,True,6,26499,commentary only,12,45.3
IDAB254F1,False,0,True,311,189814,commentary only,12,6.3
I0FE9ED9E,False,0,True,55,128031,commentary only,11,8.6
I014A51A2,False,0,True,3,22607,commentary only,10,44.2
IF69FF8A7,False,0,True,108,70655,commentary only,10,14.2
IDF77FDDD,False,0,True,7,52696,commentary only,9,17.1
I1CC06C39,False,0,True,68,135290,commentary only,9,6.7
I58E33EFF,False,0,True,5,12033,commentary only,8,66.5
I11440433,False,0,True,1,68799,commentary only,8,11.6
IAB948889,False,0,True,215,86696,commentary only,8,9.2
I10C4C4B5,False,0,True,118,206837,commentary only,8,3.9
I2522EBB0,False,0,True,53,29975,commentary only,7,23.4
I29E8AA65,False,0,True,317,270007,commentary only,7,2.6
I54375004,False,0,True,206,111178,commentary only,6,5.4
I1561B2F5,False,0,True,1,13012,commentary only,6,46.1
ID6DDE9E3,False,0,True,36,46616,commentary only,6,12.9
ICD7F2351,False,0,True,10,32384,commentary only,6,18.5
I99F347E4,False,0,True,10,12596,commentary only,5,39.7
I9434034F,False,0,True,43,42966,commentary only,5,11.6
IB4534838,False,0,True,145,102800,commentary only,5,4.9
I2E52374B,False,0,True,352,100711,commentary only,5,5.0
IA736981A,False,0,True,156,58044,commentary only,4,6.9
I2BC62A6F,False,0,True,124,177286,commentary only,4,2.3
I330D366C,False,0,True,262,129105,commentary only,4,3.1
IEEB908B0,False,0,True,49,59149,commentary only,4,6.8
IB9CA8898,False,0,True,96,32658,commentary only,4,12.2
IFC5AD8FD,False,0,True,67,157990,commentary only,4,2.5
I86E4558F,False,0,True,1,100958,commentary only,4,4.0
IAFA8F999,False,0,True,1,5599,commentary only,4,71.4
IBBFC3AAB,False,0,True,2,68534,commentary only,4,5.8
IE1ECB287,False,0,True,36,43763,commentary only,3,6.9
IEDFED305,False,0,True,2,3418,commentary only,3,87.8
I4E0DAA7C,False,0,True,633,193815,commentary only,3,1.5
I8E747E8E,False,0,True,93,79652,commentary only,3,3.8
IAC0C3AD3,False,0,True,1,6750,commentary only,3,44.4
IABE7480B,False,0,True,31,58750,commentary only,3,5.1
I7F5F640A,False,0,True,31,48342,commentary only,3,6.2
I55E4B626,False,0,True,1,11441,commentary only,3,26.2
I750EAEE8,False,0,True,26,29488,commentary only,3,10.2
I9DF09DD3,False,0,True,45,70209,commentary only,3,4.3
I6A834445,False,0,True,87,58032,commentary only,3,5.2
I3495B87B,False,0,True,3,15228,commentary only,2,13.1
I31F3338B,False,0,True,59,12232,commentary only,2,16.4
I78C84F85,False,0,True,178,85602,commentary only,2,2.3
IDA8C4CE5,False,0,True,33,58743,commentary only,2,3.4
I8D5C7CB4,False,0,True,4,13210,commentary only,2,15.1
ID62D615D,False,0,True,2,15718,commentary only,2,12.7
I3D6910F9,False,0,True,10,147301,commentary only,2,1.4
I44B84506,False,0,True,172,209052,commentary only,2,1.0
I9D810AA7,False,0,True,19,19336,commentary only,2,10.3
I9E666AF8,False,0,True,55,19307,commentary only,2,10.4
IA9544907,False,0,True,42,45257,commentary only,2,4.4
IAAADCAA0,False,0,True,80,88023,commentary only,2,2.3
I4232A561,False,0,True,56,25678,commentary only,1,3.9
IF30A1358,False,0,True,17,61357,commentary only,1,1.6
I07EDDE07,False,0,True,19,17571,commentary only,1,5.7
IF5AAE849,False,0,True,1,8981,commentary only,1,11.1
IE8D2B7C5,False,0,True,38,24439,commentary only,1,4.1
I8006C360,False,0,True,64,66302,commentary only,1,1.5
I32431963,False,0,True,27,21239,commentary only,1,4.7
I41DA990D,False,0,True,23,20983,commentary only,1,4.8
I97D6FE6E,False,0,True,1,4885,commentary only,1,20.5
IA83BAC6F,False,0,True,108,120316,commentary only,1,0.8
I82AB29CD,False,0,True,9,19991,commentary only,1,5.0
I3B871A64,False,0,True,53,26690,commentary only,1,3.7
I8D6D2565,False,0,True,33,52135,commentary only,1,1.9
I130B5D0F,False,0,True,122,82233,commentary only,1,1.2
I577D1677,False,0,True,20,37932,commentary only,0,0.0
I4A6AC1AA,False,0,True,21,28737,commentary only,0,0.0
I6193773E,False,0,True,49,38378,commentary only,0,0.0
IA5AA757B,False,0,True,49,26247,commentary only,0,0.0
IEEC9CCA9,False,0,True,12,8487,commentary only,0,0.0
I340B9EC1,False,0,True,4,30365,commentary only,0,0.0
I197F351D,False,0,True,33,45310,commentary only,0,0.0
IEAAE08E1,False,0,True,9,7249,commentary only,0,0.0
IE9C4806D,False,0,True,68,16372,commentary only,0,0.0
IE999E494,False,0,True,44,48066,commentary only,0,0.0
IE8EB4CB4,False,0,True,20,50913,commentary only,0,0.0
I2F35E7CC,False,0,True,2,13464,commentary only,0,0.0
