pecha_id,text_chars,n_commentary,commentary_verse_spans,strict_runs,runs_in_quotation,runs_unexplained,runs_in_commentary_verse,run_chars_unexplained,unexplained_per_100k
I52F33C02,279669,383,0,505,0,505,0,259560,180.6
I6F70ED49,711926,1454,1007,458,0,458,414,159761,64.3
I57BB7B28,583830,384,0,432,0,432,0,79200,74.0
IACBA255A,311043,187,0,426,0,426,0,250082,137.0
I2342D649,453046,171,0,399,0,399,0,62198,88.1
I7A79CC95,739853,29,0,333,0,333,0,101295,45.0
I3D257F64,160319,301,0,317,0,317,0,123890,197.7
I79F57A79,160644,301,0,317,0,317,0,124143,197.3
I518A01A8,290789,188,0,282,1,281,0,141713,96.6
IE1B4BBB9,92715,402,5,280,0,280,2,48613,302.0
ID13E3867,483768,752,5,379,109,270,3,33581,55.8
I4EE8C636,407949,140,0,259,0,259,0,40006,63.5
IDAE0EA08,279689,122,0,185,0,185,0,57887,66.1
IFAAADEA1,94614,129,0,164,0,164,0,70231,173.3
IB4B89F9C,425538,312,0,147,0,147,0,24007,34.5
I7C0B99BB,119011,53,0,146,0,146,0,103843,122.7
IBCF6B0BA,149555,160,0,182,36,146,0,21807,97.6
I55D7A55C,30274,166,0,125,0,125,0,20103,412.9
I99DF06AA,475299,327,0,256,134,122,0,22097,25.7
IC8A4519C,146968,112,0,105,0,105,0,118293,71.4
I27F687A4,87045,6,0,100,0,100,0,31961,114.9
IC421942A,63180,16,0,100,0,100,0,43975,158.3
IDB6093E9,389471,518,64,109,19,90,51,25659,23.1
IB2BA1922,790885,444,7,125,40,85,5,15159,10.7
IF4F5D041,48607,4,0,79,1,78,0,38416,160.5
IC7A5FC73,357663,495,7,101,24,77,2,12605,21.5
I29CFF9F3,281600,176,2,98,23,75,2,12222,26.6
IEB5D4BEB,289482,25,0,74,0,74,0,27915,25.6
I9658BC87,559981,97,0,72,4,68,0,15954,12.1
IFFA911F5,156768,387,230,75,9,66,62,19647,42.1
I4DFE9067,78679,4,0,64,0,64,0,30957,81.3
IE3ACE254,751000,128,9,112,55,57,3,9903,7.6
IBD1386A4,189841,76,0,84,33,51,0,8596,26.9
I8EC6D8E9,37575,26,0,48,0,48,0,24685,127.7
I048844DB,50543,59,0,47,1,46,0,9070,91.0
IBB812389,54112,15,0,54,8,46,0,14295,85.0
I24EDBDA0,559845,626,1,318,276,42,1,17365,7.5
I8CEEFEFC,97625,29,0,42,0,42,0,23953,43.0
I2B02A144,560215,526,0,316,275,41,0,16593,7.3
I61AB8DA8,244959,539,2,220,179,41,0,5818,16.7
I4BECA32D,281933,519,21,173,133,40,5,13312,14.2
I968B73EB,116379,17,0,41,4,37,0,68966,31.8
I08405360,346900,300,1,51,14,37,1,6178,10.7
IFF05DE5E,25167,11,0,36,0,36,0,22956,143.0
ID8FE83E3,729586,1149,0,83,48,35,0,5390,4.8
IB503BC08,54995,11,0,34,0,34,0,52186,61.8
I2E02CF4A,102690,9,0,30,1,29,0,9279,28.2
I5AEEE5CA,499234,753,7,94,66,28,2,5893,5.6
I8995895C,8212,1,0,27,0,27,0,4772,328.8
IC9EE0A24,57439,27,0,26,0,26,0,54340,45.3
I6D4C317A,101431,18,2,31,5,26,2,6295,25.6
I43575A14,64884,25,0,24,0,24,0,12967,37.0
I4ABDA91A,521338,273,0,107,85,22,0,4769,4.2
I4C242C84,487134,274,13,100,78,22,5,3767,4.5
I001D528B,207753,188,23,21,0,21,18,3398,10.1
I07ECF0AE,93532,1168,0,29,8,21,0,21861,22.5
ID5714205,465233,468,3,22,1,21,1,3620,4.5
I8222749E,15892,15,0,21,0,21,0,13316,132.1
I7989272E,101174,10,0,21,0,21,0,8107,20.8
IE0AB7438,295963,351,0,56,36,20,0,8580,6.8
I2D0F4FAF,30011,25,0,20,0,20,0,7006,66.6
IACD4469E,524931,28,0,19,0,19,0,5208,3.6
I33763376,111066,165,0,64,45,19,0,4635,17.1
I2618C5EC,84690,117,15,29,11,18,6,4235,21.3
I1649804C,40079,80,23,18,0,18,16,2489,44.9
IC868EE6F,14432,19,0,29,13,16,0,5759,110.9
IBB199AAB,74644,144,0,41,25,16,0,2844,21.4
I0288940D,30074,2,0,15,0,15,0,3455,49.9
I64B5DDDD,166926,39,0,15,1,14,0,3111,8.4
IEFE24A29,12939,9,0,13,0,13,0,1908,100.5
I45222122,292571,271,3,41,28,13,1,3112,4.4
I9EE3E92B,26499,6,0,15,3,12,0,14322,45.3
IDAB254F1,189814,311,0,15,3,12,0,1713,6.3
I0FE9ED9E,128031,55,22,22,11,11,0,4704,8.6
I014A51A2,22607,3,0,10,0,10,0,1363,44.2
IF69FF8A7,70655,108,10,39,29,10,0,2990,14.2
IDF77FDDD,52696,7,0,14,5,9,0,2670,17.1
I1CC06C39,135290,68,1,22,13,9,0,1386,6.7
I58E33EFF,12033,5,0,8,0,8,0,8299,66.5
I11440433,68799,1,0,8,0,8,0,1215,11.6
IAB948889,86696,215,0,40,32,8,0,2527,9.2
I10C4C4B5,206837,118,0,9,1,8,0,1030,3.9
I2522EBB0,29975,53,0,23,16,7,0,908,23.4
I29E8AA65,270007,317,8,71,64,7,6,2188,2.6
I54375004,111178,206,0,12,6,6,0,2076,5.4
I1561B2F5,13012,1,0,6,0,6,0,876,46.1
ID6DDE9E3,46616,36,0,6,0,6,0,1435,12.9
ICD7F2351,32384,10,0,6,0,6,0,798,18.5
I99F347E4,12596,10,0,5,0,5,0,4308,39.7
I9434034F,42966,43,19,7,2,5,5,2590,11.6
IB4534838,102800,145,0,5,0,5,0,1481,4.9
I2E52374B,100711,352,11,6,1,5,3,2039,5.0
IA736981A,58044,156,4,24,20,4,2,1044,6.9
I2BC62A6F,177286,124,0,4,0,4,0,779,2.3
I330D366C,129105,262,2,97,93,4,1,591,3.1
IEEB908B0,59149,49,0,25,21,4,0,505,6.8
IB9CA8898,32658,96,0,8,4,4,0,6510,12.2
IFC5AD8FD,157990,67,1,13,9,4,1,768,2.5
I86E4558F,100958,1,0,4,0,4,0,2312,4.0
IAFA8F999,5599,1,0,4,0,4,0,4814,71.4
IBBFC3AAB,68534,2,0,4,0,4,0,449,5.8
IE1ECB287,43763,36,8,3,0,3,3,1195,6.9
IEDFED305,3418,2,0,3,0,3,0,1853,87.8
I4E0DAA7C,193815,633,0,217,214,3,0,648,1.5
I8E747E8E,79652,93,0,5,2,3,0,541,3.8
IAC0C3AD3,6750,1,0,3,0,3,0,582,44.4
IABE7480B,58750,31,0,9,6,3,0,1855,5.1
I7F5F640A,48342,31,0,9,6,3,0,378,6.2
I55E4B626,11441,1,0,3,0,3,0,11155,26.2
I750EAEE8,29488,26,0,23,20,3,0,767,10.2
I9DF09DD3,70209,45,0,3,0,3,0,759,4.3
I6A834445,58032,87,3,10,7,3,2,442,5.2
I3495B87B,15228,3,0,2,0,2,0,301,13.1
I31F3338B,12232,59,3,2,0,2,2,362,16.4
I78C84F85,85602,178,1,14,12,2,1,249,2.3
IDA8C4CE5,58743,33,0,9,7,2,0,313,3.4
I8D5C7CB4,13210,4,0,2,0,2,0,332,15.1
ID62D615D,15718,2,0,2,0,2,0,316,12.7
I3D6910F9,147301,10,2,2,0,2,2,545,1.4
I44B84506,209052,172,0,88,86,2,0,1547,1.0
I9D810AA7,19336,19,0,14,12,2,0,843,10.3
I9E666AF8,19307,55,14,7,5,2,0,678,10.4
IA9544907,45257,42,0,18,16,2,0,888,4.4
IAAADCAA0,88023,80,2,5,3,2,1,201,2.3
I4232A561,25678,56,0,44,43,1,0,111,3.9
IF30A1358,61357,17,0,1,0,1,0,152,1.6
I07EDDE07,17571,19,0,7,6,1,0,469,5.7
IF5AAE849,8981,1,0,1,0,1,0,125,11.1
IE8D2B7C5,24439,38,0,1,0,1,0,163,4.1
I8006C360,66302,64,0,17,16,1,0,971,1.5
I32431963,21239,27,0,21,20,1,0,144,4.7
I41DA990D,20983,23,0,7,6,1,0,1149,4.8
I97D6FE6E,4885,1,0,1,0,1,0,163,20.5
IA83BAC6F,120316,108,0,23,22,1,0,116,0.8
I82AB29CD,19991,9,0,1,0,1,0,388,5.0
I3B871A64,26690,53,0,5,4,1,0,793,3.7
I8D6D2565,52135,33,0,18,17,1,0,1482,1.9
I130B5D0F,82233,122,2,40,39,1,1,320,1.2
I577D1677,37932,20,0,6,6,0,0,0,0.0
I4A6AC1AA,28737,21,0,4,4,0,0,0,0.0
I6193773E,38378,49,0,37,37,0,0,0,0.0
IA5AA757B,26247,49,0,18,18,0,0,0,0.0
IEEC9CCA9,8487,12,4,7,7,0,0,0,0.0
I340B9EC1,30365,4,0,0,0,0,0,0,0.0
I197F351D,45310,33,0,9,9,0,0,0,0.0
IEAAE08E1,7249,9,0,0,0,0,0,0,0.0
IE9C4806D,16372,68,3,0,0,0,0,0,0.0
IE999E494,48066,44,0,4,4,0,0,0,0.0
IE8EB4CB4,50913,20,0,4,4,0,0,0,0.0
I2F35E7CC,13464,2,0,0,0,0,0,0,0.0
