pecha_id,layer_a,a_start,a_end,layer_b,b_start,b_end,overlap_chars,kind,split_tsawa,split_sabche,split_chapter
I23323023,Tsawa,84917,84967,Sabche,84917,84967,50,same,train,train,-
I2EAAF38A,Tsawa,29351,29380,Sabche,29351,29380,29,same,val,val,val
I2EAAF38A,Tsawa,29382,29408,Sabche,29382,29408,26,same,val,val,val
I881A57E8,Tsawa,81012,81020,Sabche,80968,81274,8,a_in_b,train,train,train
I881A57E8,Tsawa,81026,81029,Sabche,80968,81274,3,a_in_b,train,train,train
I881A57E8,Tsawa,81033,81041,Sabche,80968,81274,8,a_in_b,train,train,train
I881A57E8,Tsawa,81055,81060,Sabche,80968,81274,5,a_in_b,train,train,train
I881A57E8,Tsawa,81075,81077,Sabche,80968,81274,2,a_in_b,train,train,train
I881A57E8,Tsawa,81090,81093,Sabche,80968,81274,3,a_in_b,train,train,train
I881A57E8,Tsawa,81115,81131,Sabche,80968,81274,16,a_in_b,train,train,train
I881A57E8,Tsawa,81141,81143,Sabche,80968,81274,2,a_in_b,train,train,train
I881A57E8,Tsawa,81153,81156,Sabche,80968,81274,3,a_in_b,train,train,train
I881A57E8,Tsawa,81174,81194,Sabche,80968,81274,20,a_in_b,train,train,train
I881A57E8,Tsawa,81210,81214,Sabche,80968,81274,4,a_in_b,train,train,train
I881A57E8,Tsawa,81218,81222,Sabche,80968,81274,4,a_in_b,train,train,train
I881A57E8,Tsawa,81246,81261,Sabche,80968,81274,15,a_in_b,train,train,train
I9B6A4525,Tsawa,29086,29098,Sabche,29086,29098,12,same,test,test,test
I9CB71958,Tsawa,11880,11914,Sabche,11840,11954,34,a_in_b,train,train,train
I9CB71958,Tsawa,13278,13308,Sabche,13252,13369,30,a_in_b,train,train,train
I9CB71958,Tsawa,13333,13353,Sabche,13252,13369,20,a_in_b,train,train,train
I9CB71958,Tsawa,13417,13449,Sabche,13371,13472,32,a_in_b,train,train,train
I9CB71958,Tsawa,13498,13517,Sabche,13474,13535,19,a_in_b,train,train,train
I9CB71958,Tsawa,13556,13577,Sabche,13537,13612,21,a_in_b,train,train,train
I9CB71958,Tsawa,14378,14402,Sabche,14294,14433,24,a_in_b,train,train,train
I9CB71958,Tsawa,14463,14481,Sabche,14435,14501,18,a_in_b,train,train,train
I9CB71958,Tsawa,14572,14579,Sabche,14503,14641,7,a_in_b,train,train,train
I9CB71958,Tsawa,14612,14629,Sabche,14503,14641,17,a_in_b,train,train,train
I9CB71958,Tsawa,14780,14791,Sabche,14751,14803,11,a_in_b,train,train,train
I9CB71958,Tsawa,15218,15244,Sabche,15174,15276,26,a_in_b,train,train,train
I9CB71958,Tsawa,15314,15332,Sabche,15278,15350,18,a_in_b,train,train,train
I9CB71958,Tsawa,15460,15495,Sabche,15425,15527,35,a_in_b,train,train,train
I9CB71958,Tsawa,15612,15634,Sabche,15529,15670,22,a_in_b,train,train,train
I9CB71958,Tsawa,15692,15714,Sabche,15672,15750,22,a_in_b,train,train,train
I9CB71958,Tsawa,15770,15793,Sabche,15752,15812,23,a_in_b,train,train,train
I9CB71958,Tsawa,15884,15899,Sabche,15814,15936,15,a_in_b,train,train,train
I9CB71958,Tsawa,16018,16039,Sabche,16007,16057,21,a_in_b,train,train,train
I9CB71958,Tsawa,16184,16205,Sabche,16170,16223,21,a_in_b,train,train,train
I9CB71958,Tsawa,16437,16458,Sabche,16397,16484,21,a_in_b,train,train,train
I9CB71958,Tsawa,16541,16564,Sabche,16486,16582,23,a_in_b,train,train,train
I9CB71958,Tsawa,16713,16777,Sabche,16679,16811,64,a_in_b,train,train,train
I9CB71958,Tsawa,16836,16894,Sabche,16813,16925,58,a_in_b,train,train,train
I9CB71958,Tsawa,17068,17088,Sabche,17032,17112,20,a_in_b,train,train,train
I9CB71958,Tsawa,17215,17277,Sabche,17201,17308,62,a_in_b,train,train,train
I9CB71958,Tsawa,17458,17478,Sabche,17414,17495,20,a_in_b,train,train,train
I9CB71958,Tsawa,17811,17836,Sabche,17787,17854,25,a_in_b,train,train,train
I9CB71958,Tsawa,17882,17906,Sabche,17856,17926,24,a_in_b,train,train,train
I9CB71958,Tsawa,17959,17982,Sabche,17928,18003,23,a_in_b,train,train,train
I9CB71958,Tsawa,18162,18190,Sabche,18146,18209,28,a_in_b,train,train,train
I9CB71958,Tsawa,18741,18759,Sabche,18734,18774,18,a_in_b,train,train,train
I9CB71958,Tsawa,18966,18983,Sabche,18955,19003,17,a_in_b,train,train,train
I9CB71958,Tsawa,19017,19032,Sabche,19005,19048,15,a_in_b,train,train,train
I9CB71958,Tsawa,19062,19080,Sabche,19050,19104,18,a_in_b,train,train,train
I9CB71958,Tsawa,19124,19140,Sabche,19106,19161,16,a_in_b,train,train,train
I9CB71958,Tsawa,19259,19271,Sabche,19239,19289,12,a_in_b,train,train,train
I9CB71958,Tsawa,19617,19629,Sabche,19602,19648,12,a_in_b,train,train,train
I9CB71958,Tsawa,19661,19672,Sabche,19650,19689,11,a_in_b,train,train,train
I9CB71958,Tsawa,19702,19718,Sabche,19691,19738,16,a_in_b,train,train,train
I9CB71958,Tsawa,19750,19763,Sabche,19740,19783,13,a_in_b,train,train,train
I9CB71958,Tsawa,19844,19853,Sabche,19785,19868,9,a_in_b,train,train,train
I9CB71958,Tsawa,19891,19907,Sabche,19870,19924,16,a_in_b,train,train,train
I9CB71958,Tsawa,19938,19958,Sabche,19927,19991,20,a_in_b,train,train,train
I9CB71958,Tsawa,20009,20024,Sabche,19993,20047,15,a_in_b,train,train,train
I9CB71958,Tsawa,20110,20123,Sabche,20049,20152,13,a_in_b,train,train,train
I9CB71958,Tsawa,20302,20357,Sabche,20270,20374,55,a_in_b,train,train,train
I9CB71958,Tsawa,20446,20468,Sabche,20411,20484,22,a_in_b,train,train,train
I9CB71958,Tsawa,20513,20536,Sabche,20486,20555,23,a_in_b,train,train,train
I9CB71958,Tsawa,20587,20608,Sabche,20557,20626,21,a_in_b,train,train,train
I9CB71958,Tsawa,20673,20696,Sabche,20628,20711,23,a_in_b,train,train,train
I9CB71958,Tsawa,20755,20783,Sabche,20713,20821,28,a_in_b,train,train,train
I9CB71958,Tsawa,20856,20876,Sabche,20823,20980,20,a_in_b,train,train,train
I9CB71958,Tsawa,21258,21287,Sabche,20983,21490,29,a_in_b,train,train,train
I9CB71958,Tsawa,22104,22127,Sabche,22075,22145,23,a_in_b,train,train,train
I9CB71958,Tsawa,22323,22336,Sabche,22228,22353,13,a_in_b,train,train,train
I9CB71958,Tsawa,22403,22417,Sabche,22355,22435,14,a_in_b,train,train,train
I9CB71958,Tsawa,22459,22473,Sabche,22437,22505,14,a_in_b,train,train,train
I9CB71958,Tsawa,22554,22570,Sabche,22507,22610,16,a_in_b,train,train,train
I9CB71958,Tsawa,22635,22650,Sabche,22612,22679,15,a_in_b,train,train,train
I9CB71958,Tsawa,22825,22840,Sabche,22805,22861,15,a_in_b,train,train,train
I9CB71958,Tsawa,22891,22907,Sabche,22863,22927,16,a_in_b,train,train,train
I9CB71958,Tsawa,23144,23159,Sabche,23123,23175,15,a_in_b,train,train,train
I9CB71958,Tsawa,23216,23235,Sabche,23177,23249,19,a_in_b,train,train,train
I9CB71958,Tsawa,23286,23310,Sabche,23251,23344,24,a_in_b,train,train,train
I9CB71958,Tsawa,23361,23388,Sabche,23347,23409,27,a_in_b,train,train,train
I9CB71958,Tsawa,23533,23549,Sabche,23513,23567,16,a_in_b,train,train,train
I9CB71958,Tsawa,23598,23621,Sabche,23570,23639,23,a_in_b,train,train,train
I9CB71958,Tsawa,23993,24014,Sabche,23934,24023,21,a_in_b,train,train,train
I9CB71958,Tsawa,24038,24051,Sabche,24025,24081,13,a_in_b,train,train,train
I9CB71958,Tsawa,24097,24111,Sabche,24083,24128,14,a_in_b,train,train,train
I9CB71958,Tsawa,24187,24207,Sabche,24130,24239,20,a_in_b,train,train,train
I9CB71958,Tsawa,24285,24308,Sabche,24241,24329,23,a_in_b,train,train,train
I9CB71958,Tsawa,24345,24364,Sabche,24331,24445,19,a_in_b,train,train,train
I9CB71958,Tsawa,24496,24515,Sabche,24447,24533,19,a_in_b,train,train,train
I9CB71958,Tsawa,24547,24571,Sabche,24535,24597,24,a_in_b,train,train,train
I9CB71958,Tsawa,24610,24629,Sabche,24599,24650,19,a_in_b,train,train,train
I9CB71958,Tsawa,24681,24708,Sabche,24652,24732,27,a_in_b,train,train,train
I9CB71958,Tsawa,24817,24842,Sabche,24803,24862,25,a_in_b,train,train,train
I9CB71958,Tsawa,25013,25042,Sabche,24946,25068,29,a_in_b,train,train,train
I9CB71958,Tsawa,25688,25708,Sabche,25660,25726,20,a_in_b,train,train,train
I9CB71958,Tsawa,25744,25766,Sabche,25728,25782,22,a_in_b,train,train,train
I9CB71958,Tsawa,25802,25823,Sabche,25785,25840,21,a_in_b,train,train,train
I9CB71958,Tsawa,25862,25875,Sabche,25842,25899,13,a_in_b,train,train,train
I9CB71958,Tsawa,26002,26029,Sabche,25971,26046,27,a_in_b,train,train,train
I9CB71958,Tsawa,26057,26083,Sabche,26049,26101,26,a_in_b,train,train,train
I9CB71958,Tsawa,26188,26206,Sabche,26178,26225,18,a_in_b,train,train,train
I9CB71958,Tsawa,26238,26263,Sabche,26227,26300,25,a_in_b,train,train,train
I9CB71958,Tsawa,26316,26334,Sabche,26302,26386,18,a_in_b,train,train,train
I9CB71958,Tsawa,26568,26594,Sabche,26545,26609,26,a_in_b,train,train,train
I9CB71958,Tsawa,26685,26702,Sabche,26611,26722,17,a_in_b,train,train,train
I9CB71958,Tsawa,26757,26775,Sabche,26724,26793,18,a_in_b,train,train,train
I9CB71958,Tsawa,26822,26839,Sabche,26795,26858,17,a_in_b,train,train,train
I9CB71958,Tsawa,26932,26945,Sabche,26891,26963,13,a_in_b,train,train,train
I9CB71958,Tsawa,27008,27024,Sabche,26965,27042,16,a_in_b,train,train,train
I9CB71958,Tsawa,27074,27089,Sabche,27044,27109,15,a_in_b,train,train,train
I9CB71958,Tsawa,27169,27193,Sabche,27111,27209,24,a_in_b,train,train,train
I9CB71958,Tsawa,27244,27266,Sabche,27211,27282,22,a_in_b,train,train,train
I9CB71958,Tsawa,27394,27415,Sabche,27373,27474,21,a_in_b,train,train,train
I9CB71958,Tsawa,27655,27674,Sabche,27645,27690,19,a_in_b,train,train,train
I9CB71958,Tsawa,27703,27726,Sabche,27692,27745,23,a_in_b,train,train,train
I9CB71958,Tsawa,27768,27785,Sabche,27747,27821,17,a_in_b,train,train,train
I9CB71958,Tsawa,27993,28014,Sabche,27959,28032,21,a_in_b,train,train,train
I9CB71958,Tsawa,28092,28106,Sabche,28035,28123,14,a_in_b,train,train,train
I9CB71958,Tsawa,28167,28184,Sabche,28125,28201,17,a_in_b,train,train,train
I9CB71958,Tsawa,28255,28266,Sabche,28203,28289,11,a_in_b,train,train,train
I9CB71958,Tsawa,28385,28401,Sabche,28355,28418,16,a_in_b,train,train,train
I9CB71958,Tsawa,28452,28466,Sabche,28421,28484,14,a_in_b,train,train,train
I9CB71958,Tsawa,28586,28611,Sabche,28486,28632,25,a_in_b,train,train,train
I9CB71958,Tsawa,28704,28727,Sabche,28634,28770,23,a_in_b,train,train,train
I9CB71958,Tsawa,28795,28814,Sabche,28772,28901,19,a_in_b,train,train,train
I9CB71958,Tsawa,29035,29053,Sabche,29018,29070,18,a_in_b,train,train,train
I9CB71958,Tsawa,29131,29149,Sabche,29111,29166,18,a_in_b,train,train,train
I9CB71958,Tsawa,29188,29204,Sabche,29168,29220,16,a_in_b,train,train,train
I9CB71958,Tsawa,29243,29255,Sabche,29222,29271,12,a_in_b,train,train,train
I9CB71958,Tsawa,29292,29307,Sabche,29273,29367,15,a_in_b,train,train,train
I9CB71958,Tsawa,29494,29509,Sabche,29474,29525,15,a_in_b,train,train,train
I9CB71958,Tsawa,29555,29569,Sabche,29527,29586,14,a_in_b,train,train,train
I9CB71958,Tsawa,29710,29735,Sabche,29588,29764,25,a_in_b,train,train,train
I9CB71958,Tsawa,29787,29808,Sabche,29767,29829,21,a_in_b,train,train,train
I9CB71958,Tsawa,29849,29865,Sabche,29831,29883,16,a_in_b,train,train,train
I9CB71958,Tsawa,29988,30008,Sabche,29885,30024,20,a_in_b,train,train,train
I9CB71958,Tsawa,30100,30126,Sabche,30026,30150,26,a_in_b,train,train,train
I9CB71958,Tsawa,30228,30242,Sabche,30152,30261,14,a_in_b,train,train,train
I9CB71958,Tsawa,30338,30360,Sabche,30263,30386,22,a_in_b,train,train,train
I9CB71958,Tsawa,30445,30465,Sabche,30388,30545,20,a_in_b,train,train,train
I9CB71958,Tsawa,30586,30610,Sabche,30547,30703,24,a_in_b,train,train,train
I9CB71958,Tsawa,30782,30803,Sabche,30705,30818,21,a_in_b,train,train,train
I9CB71958,Tsawa,30836,30851,Sabche,30820,30867,15,a_in_b,train,train,train
I9CB71958,Tsawa,30896,30924,Sabche,30869,30939,28,a_in_b,train,train,train
I9CB71958,Tsawa,30972,31006,Sabche,30941,31025,34,a_in_b,train,train,train
I9CB71958,Tsawa,31753,31803,Sabche,31753,31803,50,same,train,train,train
IDAD44BA2,Tsawa,8474,8481,Sabche,8325,8629,7,a_in_b,train,train,-
IDAD44BA2,Tsawa,8495,8503,Sabche,8325,8629,8,a_in_b,train,train,-
IDAD44BA2,Tsawa,8517,8525,Sabche,8325,8629,8,a_in_b,train,train,-
I069801F1,Sabche,41735,41791,Chapter,41735,41791,56,same,-,train,train
I24EDBDA0,Chapter,0,51,BookTitle,0,51,51,same,-,train,train
I29CFF9F3,Chapter,0,103,BookTitle,0,107,103,a_in_b,-,train,train
I4A6AC1AA,Chapter,80,121,BookTitle,80,121,41,same,-,train,train
I4ABDA91A,Chapter,5,153,BookTitle,0,153,148,a_in_b,-,train,val
I57BB7B28,Chapter,149,236,BookTitle,149,236,87,same,-,train,train
I57BB7B28,Chapter,238,331,BookTitle,238,331,93,same,-,train,train
I6D4C317A,Chapter,0,34,BookTitle,0,34,34,same,-,-,train
I8006C360,Chapter,0,67,BookTitle,0,67,67,same,-,train,train
I8995895C,Chapter,0,41,BookTitle,0,45,41,a_in_b,-,-,train
I9658BC87,Chapter,126,199,BookTitle,126,199,73,same,-,train,train
IA83BAC6F,Chapter,107,170,BookTitle,107,170,63,same,-,-,val
IC555D0EB,Chapter,75,188,BookTitle,75,188,113,same,-,train,train
ID5714205,Chapter,5,88,BookTitle,0,88,83,a_in_b,-,train,train
IE1B4BBB9,Chapter,0,2,BookTitle,0,92,2,a_in_b,-,train,train
IE3ACE254,Chapter,5,153,BookTitle,0,153,148,a_in_b,-,-,val
IE9C4806D,Chapter,0,28,BookTitle,0,29,28,a_in_b,-,train,test
IEA9B747E,Chapter,75,147,BookTitle,75,147,72,same,-,train,train
I5F5D9F5A,Chapter,196,237,Author,196,237,41,same,-,train,test
I97B90DC0,Chapter,390,473,Author,390,473,83,same,-,train,train
IE5895799,Chapter,161,192,Author,161,192,31,same,test,test,test
