layer_a,layer_b,pecha_id,a_ann,a_start,a_end,b_ann,b_start,b_end,overlap_chars,kind
sabche,chapter,I069801F1,2b4eec97b18c45859c917593e869d677,41735,41791,172e62ee2e2b41689311093f066efa79,41735,41791,56,same
tsawa,sabche,I23323023,15e62af057a2460a96be6ce5e2902546,84917,84967,6984b58cbfd8449fa138efdb7936a29f,84917,84967,50,same
tsawa,sabche,I2EAAF38A,1dcd2f76963d490cbc440817d48ddf9e,29351,29380,dace3ec393d2416aa4bacfc9876891ff,29351,29380,29,same
tsawa,sabche,I2EAAF38A,61e1f0d050ac4f1a98f759e2749b931e,29382,29408,53e488cd585541e482ee4e6be345b15d,29382,29408,26,same
tsawa,sabche,I881A57E8,ff30d774582a454fb2ef064f09bf558d,81012,81020,ec459c8ce86e48f4bed0ae2001061f7f,80968,81274,8,a_in_b
tsawa,sabche,I881A57E8,193c4b42f1c345d9b543e9e38098ef4b,81026,81029,ec459c8ce86e48f4bed0ae2001061f7f,80968,81274,3,a_in_b
tsawa,sabche,I881A57E8,4cdbbf97bfd94e2cb963d803661844db,81033,81041,ec459c8ce86e48f4bed0ae2001061f7f,80968,81274,8,a_in_b
tsawa,sabche,I881A57E8,16a20f1635c84772a58bba85a98f8667,81055,81060,ec459c8ce86e48f4bed0ae2001061f7f,80968,81274,5,a_in_b
tsawa,sabche,I881A57E8,dcba13b9ea264c53a8d9d6e0a27528ca,81075,81077,ec459c8ce86e48f4bed0ae2001061f7f,80968,81274,2,a_in_b
tsawa,sabche,I881A57E8,e9ce20daafcb46b79e32d607fb8b53a3,81090,81093,ec459c8ce86e48f4bed0ae2001061f7f,80968,81274,3,a_in_b
tsawa,sabche,I881A57E8,51e0d755864441899ab0786adac74280,81115,81131,ec459c8ce86e48f4bed0ae2001061f7f,80968,81274,16,a_in_b
tsawa,sabche,I881A57E8,081b65eb0b0d4271a5f7872281eddbd5,81141,81143,ec459c8ce86e48f4bed0ae2001061f7f,80968,81274,2,a_in_b
tsawa,sabche,I881A57E8,0ef5182e92c14f448afb56aca048daa9,81153,81156,ec459c8ce86e48f4bed0ae2001061f7f,80968,81274,3,a_in_b
tsawa,sabche,I881A57E8,4715239b0425489d8f4ee171ed01ca4a,81174,81194,ec459c8ce86e48f4bed0ae2001061f7f,80968,81274,20,a_in_b
tsawa,sabche,I881A57E8,050542a64ffb4da6b6c874609d749184,81210,81214,ec459c8ce86e48f4bed0ae2001061f7f,80968,81274,4,a_in_b
tsawa,sabche,I881A57E8,17abde62c33846faa7024eaa7168d60e,81218,81222,ec459c8ce86e48f4bed0ae2001061f7f,80968,81274,4,a_in_b
tsawa,sabche,I881A57E8,00be72dab5524c0e8a8c82f6522c08ca,81246,81261,ec459c8ce86e48f4bed0ae2001061f7f,80968,81274,15,a_in_b
tsawa,sabche,I9B6A4525,6ed40f6d07304c0e98a6be8957491bbb,29086,29098,22e26343d5414e888a462d9f641ebd9d,29086,29098,12,same
tsawa,sabche,I9CB71958,15d6b77f04d04092b3e314a7c1dca509,11880,11914,807dcfa04861480791d636b3307fd43a,11840,11954,34,a_in_b
tsawa,sabche,I9CB71958,8b949784f7d647e4b5f304807dd46288,13278,13308,6e592c1ab7644ea99cd2a31cb2dc2c1f,13252,13369,30,a_in_b
tsawa,sabche,I9CB71958,3711797444a44f348ffb6b36923e1380,13333,13353,6e592c1ab7644ea99cd2a31cb2dc2c1f,13252,13369,20,a_in_b
tsawa,sabche,I9CB71958,eda5a1ffc21c4cc48b1c5a043cbf89bf,13417,13449,658f1f01068548669e976236a8aff0ce,13371,13472,32,a_in_b
tsawa,sabche,I9CB71958,09798845e6a949248f4afe017b19e723,13498,13517,a842529103cb40c8843022f911f68ffd,13474,13535,19,a_in_b
tsawa,sabche,I9CB71958,10cf6cd7000c43b688111dd13480f28b,13556,13577,4a5c949437324984af9aece505aea009,13537,13612,21,a_in_b
tsawa,sabche,I9CB71958,171b7aa38f744dfeadb4b368b91b7a53,14378,14402,4e05bf81a7b449fe9b4ade69d0df6755,14294,14433,24,a_in_b
tsawa,sabche,I9CB71958,627e52baa187408fa0e875bb37b648a7,14463,14481,d35ee625ccf6451a84472260b52ba2b1,14435,14501,18,a_in_b
tsawa,sabche,I9CB71958,9c73a51b0348469a93a8ca2e8d9d744f,14572,14579,9ff2acd6661a4a958be47f893a5e078c,14503,14641,7,a_in_b
tsawa,sabche,I9CB71958,5d593cf5bf4f48f8802fa4f28089f979,14612,14629,9ff2acd6661a4a958be47f893a5e078c,14503,14641,17,a_in_b
tsawa,sabche,I9CB71958,d5531c6d66e84618b29d806627b16178,14780,14791,b57f0d3d50ce4fd8b4249401ed945d0b,14751,14803,11,a_in_b
tsawa,sabche,I9CB71958,51f7d25307e8470091480f3a09bcdbb3,15218,15244,4581d9701ae34a19812242db2886065b,15174,15276,26,a_in_b
tsawa,sabche,I9CB71958,111edc5fb7e84ad8b80c0e97be5839da,15314,15332,fb429fdedc6b4f068aef629f313c6e04,15278,15350,18,a_in_b
tsawa,sabche,I9CB71958,87d4508378d446229d484aa5f83bfa7a,15460,15495,d7b03a2fc5a849079f9155633af1bb6e,15425,15527,35,a_in_b
tsawa,sabche,I9CB71958,c793c47774834583b90dec707e859048,15612,15634,5a0fa167d344410b803dc000540a49ac,15529,15670,22,a_in_b
tsawa,sabche,I9CB71958,e2ae2fc9bca04ab08d5e50fdb09415c6,15692,15714,8983926ef4274858bd6f5d3113840741,15672,15750,22,a_in_b
tsawa,sabche,I9CB71958,8cbc7d72a08d47cba1e83737f1d5cd19,15770,15793,9bc458f1ec3b4777a50f7eeaa32053c2,15752,15812,23,a_in_b
tsawa,sabche,I9CB71958,8115b601e83e48c6b75585fc2025749f,15884,15899,c49ad3ca866f4db8bd5d92d230cdaa9a,15814,15936,15,a_in_b
tsawa,sabche,I9CB71958,b25355e8b0754212bc4fb83284e614e1,16018,16039,2e205dc211e94006b3d19a5c2a324756,16007,16057,21,a_in_b
tsawa,sabche,I9CB71958,06f3549a0be14425b30ab218fe913d82,16184,16205,ce596ac5694c442aa490052c01a9aaaf,16170,16223,21,a_in_b
tsawa,sabche,I9CB71958,1985e65a5c7c46ccbfa3306b892356f4,16437,16458,9386e7accb1b441fb146aac23e72a175,16397,16484,21,a_in_b
tsawa,sabche,I9CB71958,6559a517f14c410589e1ee8ed3d3bf16,16541,16564,42fc97f763994bd7b82191bb150bd111,16486,16582,23,a_in_b
tsawa,sabche,I9CB71958,743d78ddfdbd46219cd209f4d117effd,16713,16777,d3d35f6d176c4ad68bf5cd491467237a,16679,16811,64,a_in_b
tsawa,sabche,I9CB71958,884500f0ab8e4ff6872e8561ecdefcf5,16836,16894,191fb7a8aeb24f9fbd784c55e9a81b47,16813,16925,58,a_in_b
tsawa,sabche,I9CB71958,cd1458a93a644e4caa932d8269d38f45,17068,17088,ed795407fc57466885b9dbe3d9ff767f,17032,17112,20,a_in_b
tsawa,sabche,I9CB71958,27ea0def4f3c4016baaa044643957723,17215,17277,00e74612b40b42568fc3468ef18513bd,17201,17308,62,a_in_b
tsawa,sabche,I9CB71958,294382ab5f044d0383ae9ed3846635bb,17458,17478,2641d05d95824e06b991c17fb4f92575,17414,17495,20,a_in_b
tsawa,sabche,I9CB71958,b8cdd0b384dd47d5b69e287f84faa4ce,17811,17836,c903f30d406f4fb9a22aafba2ee8284b,17787,17854,25,a_in_b
tsawa,sabche,I9CB71958,2a79ae5d0883472f949a81fe531d2206,17882,17906,2f19b23eb2124fa298ec8eed4e9468a5,17856,17926,24,a_in_b
tsawa,sabche,I9CB71958,6b4391c49f7248c5b39bf8b5f32a690c,17959,17982,e225da2747db4da3967acf37dc364465,17928,18003,23,a_in_b
tsawa,sabche,I9CB71958,0976792dcf8f4398a87b0534816bf324,18162,18190,4c6672f72d2d4243b317d6c49deb3f83,18146,18209,28,a_in_b
tsawa,sabche,I9CB71958,5c9b73e9b4354fad998273839855167d,18741,18759,a853127ad78e4c4e8d72425c8734d59e,18734,18774,18,a_in_b
tsawa,sabche,I9CB71958,20c5923db3044824b7a11568d47b1436,18966,18983,f9254f0429864ee18f0a93542437947d,18955,19003,17,a_in_b
tsawa,sabche,I9CB71958,1116ba04e6a34fad820f5a64365f9516,19017,19032,d5a1c4cb4f9f4bd2975d998e56c55488,19005,19048,15,a_in_b
tsawa,sabche,I9CB71958,2a73787bb9fc44d2ab5ef0aba47569df,19062,19080,0bc771935a4e437da724d4711c44d543,19050,19104,18,a_in_b
tsawa,sabche,I9CB71958,3b3780cd7b8c4186b72742b6aa90bff5,19124,19140,d7e29bd6beb947f2b8a1e0d8d2443cf1,19106,19161,16,a_in_b
tsawa,sabche,I9CB71958,a0cb6424885e46c4b448940f2f2091ce,19259,19271,ad5612826e5a46b89b21bbefcfc26ad3,19239,19289,12,a_in_b
tsawa,sabche,I9CB71958,ea5a5aea587944ec83a75e95e348c60b,19617,19629,92e29b079b1943a19cbd0372930e4ac1,19602,19648,12,a_in_b
tsawa,sabche,I9CB71958,f878401b5bad4fc6aaffbd2e8e8f6c93,19661,19672,55edadc8871842f6846a82d0a0d61e40,19650,19689,11,a_in_b
tsawa,sabche,I9CB71958,53a272f5321e4d89b2530b8a22aab09e,19702,19718,6103082c0cbe4ebd9ee309606ca18abf,19691,19738,16,a_in_b
tsawa,sabche,I9CB71958,32eb9521bceb43838a25574f6d644da6,19750,19763,31c38c7ef64e4da19964fce83f820325,19740,19783,13,a_in_b
tsawa,sabche,I9CB71958,6183737b00034104a5767abadec50bad,19844,19853,d14259ef084a4f22838a4b9d9abb4a79,19785,19868,9,a_in_b
tsawa,sabche,I9CB71958,4e3e0ce169d149169d9b2fea584bb89c,19891,19907,543a26205f0446f88ace07a1044271a0,19870,19924,16,a_in_b
tsawa,sabche,I9CB71958,22ea795cfc1d4bb5bc52a67073be3120,19938,19958,aa10c05c4cf74447bf202cdac71627ca,19927,19991,20,a_in_b
tsawa,sabche,I9CB71958,bbb341c9ec564174afe604b09316ce67,20009,20024,31663b9590a24dd3b980a89893d06743,19993,20047,15,a_in_b
tsawa,sabche,I9CB71958,16e4bceec25e4d9a812dc5cd157cf373,20110,20123,e0bd4682c88f44348a9d1401bdf16782,20049,20152,13,a_in_b
tsawa,sabche,I9CB71958,edb7aebd4dbd4e009f889f27da26d366,20302,20357,b0704f39e97b4680939eb55646024e71,20270,20374,55,a_in_b
tsawa,sabche,I9CB71958,4a35b89b7ad64bdf837dc3b68b220d51,20446,20468,4c6ecbd2e311476dab092ee0f7616b69,20411,20484,22,a_in_b
tsawa,sabche,I9CB71958,6ef30d38ebe14feba3135d9fa25afd91,20513,20536,1b724bec30774f0db3d291d1a5c81712,20486,20555,23,a_in_b
tsawa,sabche,I9CB71958,3ee27eeeb57b4c159575690eb3f976d2,20587,20608,de4d14173ed04554873eeba080143656,20557,20626,21,a_in_b
tsawa,sabche,I9CB71958,321b0193edbe48a2ba6020f903115525,20673,20696,3d45cbd7ff254fa69c8a48801080766b,20628,20711,23,a_in_b
tsawa,sabche,I9CB71958,e806981406d74eadbdd3031d51f7de0e,20755,20783,7e8f6dc828b840139c019c37c6c951bd,20713,20821,28,a_in_b
tsawa,sabche,I9CB71958,e32cec9e1a794a2081cfe314eebdfb4e,20856,20876,a4d0737df85e486eac804065933ae92a,20823,20980,20,a_in_b
tsawa,sabche,I9CB71958,62b4504c24634da293e53270b664358c,21258,21287,37500974eb5f40f482196e2ea8f90ac4,20983,21490,29,a_in_b
tsawa,sabche,I9CB71958,d5585d716d0d42d09474161b28d3318c,22104,22127,fde90c6d31aa40a5a460000f25f928d0,22075,22145,23,a_in_b
tsawa,sabche,I9CB71958,9d2802e29b9549df9588d6ead35364fd,22323,22336,46d62a5edaaa498ca0b4fd9a16dc3cfd,22228,22353,13,a_in_b
tsawa,sabche,I9CB71958,452d5f444b9d4469bed156fb731f1377,22403,22417,5c990a1d22ec4e6fbfe4441dd00b0f8c,22355,22435,14,a_in_b
tsawa,sabche,I9CB71958,be14b39d31d2457384734d16c446921e,22459,22473,ebcc6963025a4ffa8b05e2fca018ea9c,22437,22505,14,a_in_b
tsawa,sabche,I9CB71958,e1526d1ee7d74a808d8656a17046f9aa,22554,22570,6d6bcb33312e46c4ab4dcceff78ea107,22507,22610,16,a_in_b
tsawa,sabche,I9CB71958,32e4f5e2c2c94d159c88a2db26fc99cf,22635,22650,73787c1c21a64e2db121fcdf5e9c4c52,22612,22679,15,a_in_b
tsawa,sabche,I9CB71958,04396d901bf546f09561452b24011b7f,22825,22840,0db05a9771ad4d7ca0039e9f014ec862,22805,22861,15,a_in_b
tsawa,sabche,I9CB71958,db675ff291ca4d7085ec208266e14734,22891,22907,6512dc9741e94e9ba26144a38303b2aa,22863,22927,16,a_in_b
tsawa,sabche,I9CB71958,fc429680bf004a12841af7c668c69fb7,23144,23159,59999e97c0ed45e78ea3c61858831899,23123,23175,15,a_in_b
tsawa,sabche,I9CB71958,b6d992276a644699a6a0d8763098b391,23216,23235,926140f32c134729b9ccb89fa3d74244,23177,23249,19,a_in_b
tsawa,sabche,I9CB71958,f7b5f11217e14403b8d1e4d9776b2a91,23286,23310,ef6de6aa450f4b0fa814a4cfcadcfa89,23251,23344,24,a_in_b
tsawa,sabche,I9CB71958,a5bc6df9cfae40f68a3ed645f643d9ab,23361,23388,0e835837aeb048bbaf55f69835435a27,23347,23409,27,a_in_b
tsawa,sabche,I9CB71958,353d510491e74f2eae6a88b8ba3afef3,23533,23549,bd063018ebef4dacb145e54b3b471678,23513,23567,16,a_in_b
tsawa,sabche,I9CB71958,9ccb454eaa6a4da39fe0e0d811445f94,23598,23621,e2658f501a1a44408d8f7f51e4591e2d,23570,23639,23,a_in_b
tsawa,sabche,I9CB71958,1f93a1067bb647c2953a2cea24ad1183,23993,24014,54612a99c060453b94c243de7145df8e,23934,24023,21,a_in_b
tsawa,sabche,I9CB71958,f6105d9e228f4b81a25d266d0cfde2e7,24038,24051,ec7edd49f80b4160bfd5f4394756f8ad,24025,24081,13,a_in_b
tsawa,sabche,I9CB71958,06968cf51cef4dcaae0a8f32dba583a2,24097,24111,56dce415145d4691ac8b7e91c0a1d159,24083,24128,14,a_in_b
tsawa,sabche,I9CB71958,5164af87ac754b55ba5c60f50c02f4bd,24187,24207,64411f19b87d49dfbd76c77ba2a58bf8,24130,24239,20,a_in_b
tsawa,sabche,I9CB71958,366445e9d075407cb4983c59aea8d67e,24285,24308,188efb302e7c437d9b720623d5a886e9,24241,24329,23,a_in_b
tsawa,sabche,I9CB71958,79d5896080c245a98cfd429a7ffe95a3,24345,24364,bba8cf667f60461986a71164351a11d2,24331,24445,19,a_in_b
tsawa,sabche,I9CB71958,d6cdff1245d64f4ca9902f5425ab31eb,24496,24515,44c6f7f960274783bab2325bcf0eb40f,24447,24533,19,a_in_b
tsawa,sabche,I9CB71958,82c82c3f51fe4ff58cfdec537938c139,24547,24571,ac1451d70a114a319c6316725f205b93,24535,24597,24,a_in_b
tsawa,sabche,I9CB71958,b4ae65e5ea11459f93135cbc5084188d,24610,24629,e0f2ad4326964f39a5bda8a599ff7b70,24599,24650,19,a_in_b
tsawa,sabche,I9CB71958,cae9f35d3cc34cd18de0fb7f8a61b499,24681,24708,6a815fbb67ab410abdf5311117e8bb18,24652,24732,27,a_in_b
tsawa,sabche,I9CB71958,8dae1ef06f2b43df9679729b8f23895e,24817,24842,d0fa1a57971740bea2e76c6903baaa1b,24803,24862,25,a_in_b
tsawa,sabche,I9CB71958,056c5440160e4faeac6299b3de904984,25013,25042,b47d048e70a64ed3ba74944e0185f947,24946,25068,29,a_in_b
tsawa,sabche,I9CB71958,6f7091c5a1fe40d58ebc35ebaa57d150,25688,25708,c875ed1f98c94426ba5f6d7de706933d,25660,25726,20,a_in_b
tsawa,sabche,I9CB71958,f97f7fc2b39341b292c01438c53a3783,25744,25766,c87d124dd775454f98512c145599c3c4,25728,25782,22,a_in_b
tsawa,sabche,I9CB71958,1fc72576b21345f09137c0af298116c3,25802,25823,833e285570c14406bf93d12433a07365,25785,25840,21,a_in_b
tsawa,sabche,I9CB71958,0a574de35d5a4c1e82b1215a19c5a4a6,25862,25875,07cd8d2a1f8c4a888b39bf35b50e83fb,25842,25899,13,a_in_b
tsawa,sabche,I9CB71958,5c6c888c88a9485b95707b9ab7047b5b,26002,26029,06f7060a3bac48ffaac919b1249088df,25971,26046,27,a_in_b
tsawa,sabche,I9CB71958,dd0b153c1de942a2b8271673d591a90b,26057,26083,6df91afd40b84b5583ab70e8791bd64d,26049,26101,26,a_in_b
tsawa,sabche,I9CB71958,bc54a2fff7954d0aa4a5f5c54994f164,26188,26206,4dbe42768d4f4bf18b47937e7a78f794,26178,26225,18,a_in_b
tsawa,sabche,I9CB71958,a25caea61b5549d3abaf1f10cf7fbec3,26238,26263,15a463b07e8f4c05b2de17134bc54e48,26227,26300,25,a_in_b
tsawa,sabche,I9CB71958,83be8caf5f204ced99d0b93eebec37e2,26316,26334,83031943b355492fb957b5a84c5add7f,26302,26386,18,a_in_b
tsawa,sabche,I9CB71958,668d88c0ea3740a79885181c2a9ff36d,26568,26594,7c01daa740764bb88280248e1774a9b9,26545,26609,26,a_in_b
tsawa,sabche,I9CB71958,a0ecb0fa5563498aacac7a00efa21c88,26685,26702,2b8aed0a573841cb8e4f7ed4f834926a,26611,26722,17,a_in_b
tsawa,sabche,I9CB71958,35fe30a2562b4d82bfe21dd58669933a,26757,26775,b15f753d9c5f4e81bcc59cba88c6b470,26724,26793,18,a_in_b
tsawa,sabche,I9CB71958,a3a26ee6bc91454f8a5bd9f5b68aa424,26822,26839,4f9f7a93cd1e4297a56c951e2cb6018c,26795,26858,17,a_in_b
tsawa,sabche,I9CB71958,d0e77680090d4ad1bb90abfdca34d63a,26932,26945,7b73d4d2b32a49ea87fb3cfaa09bb8be,26891,26963,13,a_in_b
tsawa,sabche,I9CB71958,ba24e8530a8449999044302aaf000598,27008,27024,0349e55fd0dd4d7bab91d7c49c18aa9b,26965,27042,16,a_in_b
tsawa,sabche,I9CB71958,528ffc5726c54834a54053cf2dc797e1,27074,27089,30a50ecc8fa3490aabece726e8280f13,27044,27109,15,a_in_b
tsawa,sabche,I9CB71958,55343ff0596440a3986e4b58631f4cd9,27169,27193,9972d786e5d14d19aa70a47bfd81cdfa,27111,27209,24,a_in_b
tsawa,sabche,I9CB71958,cc4489ab115a49728dd856185921dfff,27244,27266,6a93f44a41824d2298f3d6f88207baa3,27211,27282,22,a_in_b
tsawa,sabche,I9CB71958,31d7899d2c3c41d9baf21f7ceae3f23a,27394,27415,153ecf9fb9fd4c449047db89f44a790b,27373,27474,21,a_in_b
tsawa,sabche,I9CB71958,0a6881d6f0c44d468a615d90fa42ce3f,27655,27674,9407e9b7090d4bf89115187ddab4631e,27645,27690,19,a_in_b
tsawa,sabche,I9CB71958,9fc45fa131c54793837c8f97316e2385,27703,27726,7a7d76d1ca8d44c3b80869019f876334,27692,27745,23,a_in_b
tsawa,sabche,I9CB71958,02c94d469af14052b7a2aacaf353c04b,27768,27785,3030c560b2844d1286df8b80f7d06340,27747,27821,17,a_in_b
tsawa,sabche,I9CB71958,0ad195e21b4c40f1a209693bba1c6292,27993,28014,a8f3c7af06b240e7b450917867a16d32,27959,28032,21,a_in_b
tsawa,sabche,I9CB71958,121792aab74c444cb5ef95cc13a3e002,28092,28106,8be4400ef635463c939a0232b18968b4,28035,28123,14,a_in_b
tsawa,sabche,I9CB71958,c8f7c544ef7942aba7759dd5895092b2,28167,28184,3bedcd8ea63d4fd5ac4def2d7318946d,28125,28201,17,a_in_b
tsawa,sabche,I9CB71958,7fed7c7ba6234459904bcf81048523a6,28255,28266,f096e93a7126456b9cb74da6c992c0c6,28203,28289,11,a_in_b
tsawa,sabche,I9CB71958,758d20def5594c8e8d631a1fda5d28e4,28385,28401,b418046a491c4d738fcb4ddcb55a14c9,28355,28418,16,a_in_b
tsawa,sabche,I9CB71958,78f2f1096ee64a8c9f815747547775a5,28452,28466,282747dec32c469f8e4e23d5aca0ecf5,28421,28484,14,a_in_b
tsawa,sabche,I9CB71958,a0b29cce78374a478ca7acb58eacbeb6,28586,28611,d06d420fb71146bfa53473fd121c3dfb,28486,28632,25,a_in_b
tsawa,sabche,I9CB71958,bb80d4d12f73433090b1a83b0fd270f2,28704,28727,35bd9d5867fe44b9909282d9bf3af79c,28634,28770,23,a_in_b
tsawa,sabche,I9CB71958,0c46838100ba4573a3a7b1af6f4ef466,28795,28814,9b9133fb2466403f82cbd0a0f959ae71,28772,28901,19,a_in_b
tsawa,sabche,I9CB71958,089375c4a66e42f68d21427f20383472,29035,29053,a472ca5db0d540468cdb331652b1f342,29018,29070,18,a_in_b
tsawa,sabche,I9CB71958,e37e118cf58d40a9a6ec246cbac839fb,29131,29149,a35cae9d902d45aba88274acd969f609,29111,29166,18,a_in_b
tsawa,sabche,I9CB71958,4780ee730a9e4e4d885928bd7f67b882,29188,29204,7ac2c420abed403e9406a5cdb6ba68b0,29168,29220,16,a_in_b
tsawa,sabche,I9CB71958,b562c305ab9641ed8ec0cc88c3e8ad0b,29243,29255,d933169e28db47af87910c9da1d886ab,29222,29271,12,a_in_b
tsawa,sabche,I9CB71958,01b991fea5e34623812a451ed655e731,29292,29307,b73f23674fac4e66bff10fc33c3414a1,29273,29367,15,a_in_b
tsawa,sabche,I9CB71958,71c06b764cec47b18fca8907da257aeb,29494,29509,5b8b14d96b9145948884c1508bbff0d8,29474,29525,15,a_in_b
tsawa,sabche,I9CB71958,1a68c35385254ab9a197cc5b8a8f7f42,29555,29569,5effcbb2371f40cc9e9d0d4b7167e44e,29527,29586,14,a_in_b
tsawa,sabche,I9CB71958,db5b740bfbdf48958abad40b8b38f126,29710,29735,9fec2a04c78f4834b5145be091c5f2be,29588,29764,25,a_in_b
tsawa,sabche,I9CB71958,60cfbf4b4daa4efe84f31c7a50095183,29787,29808,e63eda0c268a4ed9a7cdf18fad051402,29767,29829,21,a_in_b
tsawa,sabche,I9CB71958,bbc49c22943f458687693de5a46c9a09,29849,29865,7301b9f370e145d2bd327f89de1d03a6,29831,29883,16,a_in_b
tsawa,sabche,I9CB71958,2c0917cbc0184e4ba32b9f74525cf85b,29988,30008,9bcc53fd4ce648d7aebab327fa53505b,29885,30024,20,a_in_b
tsawa,sabche,I9CB71958,aaf009c13e474adfa7a44fa25140166b,30100,30126,873a06ff3cdb4b278dde983adbd03bfb,30026,30150,26,a_in_b
tsawa,sabche,I9CB71958,917e3d973e6b40a8b20ae08d3d818f8d,30228,30242,58f6b8117a1542b9977a94991aeb3404,30152,30261,14,a_in_b
tsawa,sabche,I9CB71958,73c7650680eb4ef8b4d5dc6589eeea9f,30338,30360,e64d518b77e14bbab2be398907e242a0,30263,30386,22,a_in_b
tsawa,sabche,I9CB71958,c5c4ff35561b46e895e41398076cf7e6,30445,30465,05d7bc9164e942bfab98837ffa52e1bb,30388,30545,20,a_in_b
tsawa,sabche,I9CB71958,c640377fca354504838c48bdfe731a4d,30586,30610,5b988873ef2b4f42962a0eca901ba179,30547,30703,24,a_in_b
tsawa,sabche,I9CB71958,30ca9c728a4e4f1a894c4554f4a5ea34,30782,30803,fd43fbb8e8cc45cc9bd2940fca635194,30705,30818,21,a_in_b
tsawa,sabche,I9CB71958,04dc562a129d4bee8082db36abf7d95e,30836,30851,f9f44482ad5142ad9eff6d4aa427f9a6,30820,30867,15,a_in_b
tsawa,sabche,I9CB71958,baef3a02c49f486c9a3c083ddc6778e1,30896,30924,ca4b372c82a243478d5eec429224dd3a,30869,30939,28,a_in_b
tsawa,sabche,I9CB71958,19cfd67a4c0e488bb73639e5d4aa969b,30972,31006,9d344c63168a4858ba62c8e4a88f1b7b,30941,31025,34,a_in_b
tsawa,sabche,I9CB71958,1dd866886d6b455ea38b7a9dc80e9f28,31753,31803,b6a25ab5df2043309a79d80b4964a47a,31753,31803,50,same
tsawa,sabche,IDAD44BA2,52f362f9c4c94dc3a87e08aa9288e353,8474,8481,09f7c9ebde7243c8bdf606dc306e64f0,8325,8629,7,a_in_b
tsawa,sabche,IDAD44BA2,c85865bd319547f29774462d5824adba,8495,8503,09f7c9ebde7243c8bdf606dc306e64f0,8325,8629,8,a_in_b
tsawa,sabche,IDAD44BA2,f31784220d4d45f481de0ea53d3eeac1,8517,8525,09f7c9ebde7243c8bdf606dc306e64f0,8325,8629,8,a_in_b
