pecha_id,split,text_chars,n_tsawa,tsawa_chars,has_commentary,strict_runs,strict_chars,strict_runs_in_quotation,strict_runs_in_commentary_verse,strict_runs_unexplained,loose_runs,loose_chars,loose_runs_in_quotation,loose_runs_in_commentary_verse,loose_runs_unexplained,strict_chars_per_tsawa_char,strict_runs_per_100k
P000275,dropped,580644,3,428,False,622,220225,0,0,622,588,268327,0,0,588,514.54,107.1
P000089,dropped,620370,7,991,False,657,177086,353,0,304,670,183868,354,0,316,178.69,105.9
P000054,dropped,689458,3,565,False,698,158474,91,0,607,720,166429,92,0,628,280.48,101.2
P000218,train,847725,22,3497,False,670,150716,0,0,670,700,157807,0,0,700,43.1,79.0
P000204,dropped,314590,7,1052,False,170,145761,2,0,168,177,149843,2,0,175,138.56,54.0
I2FCD4B1D,dropped,674216,2,343,True,423,141404,134,0,289,413,143894,134,0,279,412.26,62.7
P000115,dropped,717305,1,1688,False,315,127815,4,0,311,236,132458,8,0,228,75.72,43.9
P000098,dropped,629352,4,620,False,494,103061,191,0,303,520,111140,197,0,323,166.23,78.5
IC6F06BCD,test,272537,14,2950,True,178,95705,28,2,150,179,98513,27,2,152,32.44,65.3
P000151,train,507551,184,54992,False,455,94238,224,0,231,453,99003,227,0,226,1.71,89.6
IB522F095,train,281185,1253,32467,True,223,89046,223,0,0,232,96770,221,0,11,2.74,79.3
IC3A7006F,dropped,81153,2,109,True,36,77932,6,0,30,36,78298,6,0,30,714.97,44.4
I97B90DC0,dropped,301570,2,85,True,190,77414,92,3,98,170,81224,95,3,75,910.75,63.0
I2D96E5C8,train,570550,15,2717,True,400,73055,386,4,14,438,81378,401,4,37,26.89,70.1
P000078,train,842034,377,78715,False,385,72454,11,0,374,416,79018,11,0,405,0.92,45.7
P000070,train,368106,79,39754,False,120,70107,81,0,39,128,72664,86,0,42,1.76,32.6
P000101,dropped,684161,5,1677,False,303,67489,162,0,141,322,73124,169,0,153,40.24,44.3
P000219,train,335434,27,4085,False,298,65790,1,0,297,313,69930,4,0,309,16.11,88.8
P000068,train,560179,103,20534,False,364,64735,233,0,131,402,72474,247,0,155,3.15,65.0
I8B49E87B,val,315392,71,3155,True,107,60523,69,0,38,110,62960,67,0,43,19.18,33.9
IB8EEB9FB,dropped,328903,4,2,True,288,60366,249,20,39,300,63993,249,21,51,30183.0,87.6
I4FD99A33,val,293101,79,4267,True,104,60260,54,14,50,107,62304,53,14,54,14.12,35.5
P000199,train,702627,188,25598,False,331,60080,104,0,227,347,65638,108,0,239,2.35,47.1
I91949F99,dropped,256137,2,85,True,334,59799,330,9,4,342,62370,332,9,10,703.52,130.4
IF85C9484,dropped,420489,2,79,True,246,59526,176,66,70,252,64327,184,70,68,753.49,58.5
P000074,train,663463,35,4230,False,293,59130,185,0,108,312,64015,191,0,121,13.98,44.2
P000224,train,788838,338,41356,False,283,58965,270,0,13,312,65407,280,0,32,1.43,35.9
P000085,dropped,752850,3,392,False,325,58954,161,0,164,371,69005,169,0,202,150.39,43.2
P000188,dropped,216193,3,385,False,157,58557,51,0,106,154,62850,54,0,100,152.1,72.6
I51B9FE5F,dropped,256065,1,145,True,284,57398,232,0,52,299,61809,243,0,56,395.85,110.9
P000022,train,380072,42,6382,False,270,52336,252,0,18,284,56143,256,0,28,8.2,71.0
IDDA7F69E,train,533162,27,4382,True,184,50905,97,1,87,222,61559,99,1,123,11.62,34.5
I5134B437,train,336701,219,15404,True,316,49079,313,0,3,320,50971,316,0,4,3.19,93.9
I849C345E,dropped,234862,3,791,True,67,48450,21,2,46,80,52072,21,2,59,61.25,28.5
ICDC84458,test,674665,101,13417,True,234,47704,217,0,17,252,52188,222,0,30,3.56,34.7
IA2F1ACFA,train,284423,66,8744,True,256,46182,164,0,92,274,50896,167,0,107,5.28,90.0
P000020,train,289013,11,2489,False,99,45615,82,0,17,95,48613,77,0,18,18.33,34.3
P000145,train,248948,100,17394,False,249,43371,242,0,7,257,45482,245,0,12,2.49,100.0
P000161,val,537718,337,57514,False,174,43197,43,0,131,184,64374,51,0,133,0.75,32.4
I058DD999,train,165717,147,22958,True,55,42303,0,0,55,58,43425,0,0,58,1.84,33.2
I0B81CD66,dropped,347591,1,115,True,220,41939,50,150,170,249,50000,51,171,198,364.69,63.3
P000269,test,314487,50,7821,False,221,41605,171,0,50,235,45779,179,0,56,5.32,70.3
IBF8C5BB6,dropped,256079,7,528,True,150,40365,30,29,120,149,42864,30,28,119,76.45,58.6
P000111,dropped,411816,1,150,False,258,39905,27,0,231,277,43656,27,0,250,266.03,62.6
P000013,test,146342,89,28041,False,36,39609,24,0,12,37,39868,24,0,13,1.41,24.6
P000164,test,467097,183,40174,False,204,38165,138,0,66,208,39747,139,0,69,0.95,43.7
IB47565DE,dropped,275566,1,104,True,169,37871,50,93,119,199,44885,52,90,147,364.14,61.3
IE5895799,test,247282,29,4420,True,146,37840,99,12,47,158,44393,102,11,56,8.56,59.0
I6380CEC4,dropped,413240,2,80,True,131,35844,120,6,11,157,41521,122,6,35,448.05,31.7
P000176,dropped,262016,1,151,False,89,34160,27,0,62,108,37976,30,0,78,226.23,34.0
IF4C4BF01,dropped,385966,1,118,True,180,33683,124,55,56,194,37321,131,56,63,285.45,46.6
P000071,val,237897,82,12208,False,111,33620,80,0,31,110,35606,79,0,31,2.75,46.7
I36A7A668,train,360191,84,10195,True,55,33568,10,0,45,74,37460,10,0,64,3.29,15.3
P000073,dropped,564330,2,600,False,132,33397,111,0,21,140,35216,113,0,27,55.66,23.4
IB8F4E5BE,train,916694,228,8811,True,197,30870,194,0,3,225,38269,216,0,9,3.5,21.5
I27E347E9,train,402984,25,3197,True,124,30324,103,0,21,141,35630,104,0,37,9.49,30.8
P000144,test,247849,115,20527,False,127,30149,115,0,12,132,31594,116,0,16,1.47,51.2
IEA9B747E,dropped,508071,2,184,True,146,30032,130,4,16,184,38398,130,3,54,163.22,28.7
P000217,dropped,54308,2,426,False,87,30022,44,0,43,87,30239,44,0,43,70.47,160.2
P000067,test,501704,207,25157,False,174,29468,173,0,1,200,34915,184,0,16,1.17,34.7
IFA88A536,dropped,173506,6,807,True,79,29145,1,3,78,87,31030,1,3,86,36.12,45.5
P000242,test,463558,171,38473,False,182,28991,169,0,13,186,30542,171,0,15,0.75,39.3
I25463E37,train,162273,156,4806,True,88,28273,77,78,11,96,31010,78,79,18,5.88,54.2
IC87920B7,train,200891,86,13361,True,140,28171,137,4,3,147,30390,142,4,5,2.11,69.7
P000179,train,350528,170,27062,False,126,27172,22,0,104,134,29753,24,0,110,1.0,35.9
IE2421BEA,dropped,581305,10,3728,True,112,25575,52,0,60,135,30158,52,0,83,6.86,19.3
ICC9840B6,dropped,600774,2,240,True,85,24758,53,21,32,95,27547,56,20,39,103.16,14.1
I3F4A91F5,test,330806,58,5273,True,122,23374,114,3,8,140,27210,118,3,22,4.43,36.9
IF7A04537,train,234686,164,21326,True,14,23092,4,0,10,26,25116,4,0,22,1.08,6.0
P000028,val,546785,103,15673,False,147,23017,61,0,86,166,27986,69,0,97,1.47,26.9
IF84B2E71,train,130583,26,2639,True,129,22601,126,0,3,136,24909,127,0,9,8.56,98.8
P000114,dropped,207201,6,567,False,108,22547,11,0,97,117,24828,11,0,106,39.77,52.1
IEF3A4022,train,402148,548,49853,True,139,22310,74,2,65,153,25312,76,2,77,0.45,34.6
IC05A6BE0,test,126988,166,7662,True,129,21129,129,0,0,132,22737,131,0,1,2.76,101.6
P000230,dropped,361653,4,1408,False,87,20978,36,0,51,124,27501,36,0,88,14.9,24.1
P000180,dropped,307762,1,112,False,77,20832,32,0,45,100,25374,32,0,68,186.0,25.0
P000021,train,268019,141,19857,False,51,20638,36,0,15,58,22084,37,0,21,1.04,19.0
I9FF2B59B,train,153228,1230,24898,True,35,20597,6,8,29,36,21280,6,9,30,0.83,22.8
P000195,train,299336,252,54952,False,35,19873,12,0,23,49,22380,14,0,35,0.36,11.7
P000083,test,318034,190,39405,False,75,19193,57,0,18,79,19996,58,0,21,0.49,23.6
P000193,train,176415,12,1534,False,124,18833,61,0,63,136,21330,68,0,68,12.28,70.3
P000207,train,278772,130,15151,False,92,18716,82,0,10,103,21040,83,0,20,1.24,33.0
P000215,val,164993,17,5844,False,59,18184,12,0,47,57,18839,10,0,47,3.11,35.8
P000066,dropped,47162,9,1309,False,80,17784,14,0,66,79,18262,14,0,65,13.59,169.6
I6EFF9668,dropped,60112,8,821,True,31,17551,2,0,29,27,18141,2,0,25,21.38,51.6
P000127,train,213073,18,4273,False,58,16917,13,0,45,58,17928,13,0,45,3.96,27.2
I52248444,dropped,234035,2,94,True,73,16906,46,15,27,80,19185,47,14,33,179.85,31.2
I8961718B,dropped,287997,5,792,True,77,16898,63,9,14,94,20020,67,9,27,21.34,26.7
P000128,train,118004,77,18827,False,70,16646,54,0,16,70,17079,54,0,16,0.88,59.3
I6D11E414,train,273482,807,22599,True,82,16298,69,0,13,107,21937,72,0,35,0.72,30.0
IEE67309C,train,222314,25,6213,True,46,16228,17,4,29,51,17860,16,3,35,2.61,20.7
P000226,dropped,386581,2,266,False,106,15752,7,0,99,137,22264,7,0,130,59.22,27.4
P000123,train,403680,17,2443,False,47,14592,33,0,14,62,17526,36,0,26,5.97,11.6
P000027,test,74767,51,6735,False,53,14353,44,0,9,57,15209,47,0,10,2.13,70.9
I2EAAF38A,val,133233,65,7315,True,50,14135,37,13,13,51,15316,37,9,14,1.93,37.5
I4FABF1F8,train,247608,11,1450,True,65,14121,58,7,7,71,15238,61,7,10,9.74,26.3
P000175,val,362606,281,37774,False,73,14075,25,0,48,89,17273,28,0,61,0.37,20.1
I88977D82,train,244713,32,7245,True,66,13651,48,0,18,74,15602,47,0,27,1.88,27.0
P000132,train,157152,88,10196,False,69,12737,69,0,0,73,13681,72,0,1,1.25,43.9
I1DCBD5CC,dropped,151607,8,879,True,82,12399,49,33,33,88,14065,52,33,36,14.11,54.1
I0FCFA88F,test,239456,146,39089,True,15,12053,4,0,11,20,13500,4,0,16,0.31,6.3
I4CAE7B8B,train,260997,152,33015,True,51,12007,41,10,10,55,12932,41,11,14,0.36,19.5
P000225,train,619695,31,4377,False,70,11972,4,0,66,113,19749,4,0,109,2.74,11.3
I07240379,dropped,140805,3,245,True,33,11927,13,5,20,39,13556,14,4,25,48.68,23.4
IB047F8C7,train,272888,79,9230,True,71,11599,67,2,4,78,13468,69,2,9,1.26,26.0
IAE1E11E5,train,150336,60,6566,True,41,11587,33,8,8,50,13275,34,8,16,1.76,27.3
P000201,dropped,17663,5,3428,False,23,11048,0,0,23,11,11792,0,0,11,3.22,130.2
P000253,dropped,74090,7,5154,False,36,10975,23,0,13,37,11404,24,0,13,2.13,48.6
IB8D599AA,train,388143,309,24553,True,71,10708,65,2,6,84,13501,68,2,16,0.44,18.3
I0156A8B1,dropped,62574,1,63,True,42,10449,41,0,1,45,11443,42,0,3,165.86,67.1
I9B6A4525,test,246392,203,8410,True,48,10090,44,0,4,58,12120,47,0,11,1.2,19.5
P000178,dropped,47274,1,62,False,61,10072,1,0,60,63,10921,1,0,62,162.45,129.0
I88CF073C,dropped,199779,3,5545,True,27,10010,20,0,7,29,10693,20,0,9,1.81,13.5
P000241,train,512916,23,6123,False,63,9477,50,0,13,92,14460,52,0,40,1.55,12.3
I4B1806B4,val,204827,69,16406,True,60,9290,59,1,1,66,10595,63,1,3,0.57,29.3
IE166DA22,dropped,21584,4,128,True,54,8969,0,0,54,53,11202,0,0,53,70.07,250.2
IDBFF9DE3,dropped,398204,2,210,True,25,8940,18,5,7,41,12086,19,5,22,42.57,6.3
P000084,val,152131,80,9966,False,58,8691,57,0,1,59,9104,57,0,2,0.87,38.1
P000170,dropped,207518,2,328,False,51,8641,21,0,30,56,10085,21,0,35,26.34,24.6
P000246,train,733082,264,116742,False,48,8093,42,0,6,52,8849,42,0,10,0.07,6.5
I344D2A4C,dropped,14162,4,185,True,12,7697,0,0,12,13,8477,0,0,13,41.61,84.7
P000168,dropped,138792,5,434,False,37,7607,1,0,36,40,8119,1,0,39,17.53,26.7
P000046,train,250389,195,25964,False,46,7454,37,0,9,62,10273,38,0,24,0.29,18.4
I575514A8,test,55550,33,3379,True,32,7428,5,9,27,35,8206,5,8,30,2.2,57.6
P000094,train,197515,39,6680,False,25,7426,24,0,1,26,7756,25,0,1,1.11,12.7
I5F5D9F5A,dropped,156989,3,446,True,23,7388,17,3,6,30,8802,18,3,12,16.57,14.7
I895C519A,val,19661,123,3298,True,45,7314,0,45,45,45,7314,0,45,45,2.22,228.9
I40E5024E,train,198256,45,6905,True,24,7264,23,0,1,25,7594,24,0,1,1.05,12.1
P000044,train,221545,244,32376,False,46,7162,39,0,7,56,9314,41,0,15,0.22,20.8
P000203,train,178374,103,12777,False,49,6759,46,0,3,55,7846,47,0,8,0.53,27.5
P000185,train,143370,56,7502,False,26,6629,0,0,26,32,8106,0,0,32,0.88,18.1
P000259,train,137046,176,18885,False,40,6068,15,0,25,43,6681,15,0,28,0.32,29.2
P000200,dropped,124473,2,121,False,23,5959,3,0,20,27,7263,3,0,24,49.25,18.5
P000141,train,87122,60,7562,False,31,5913,31,0,0,33,6345,32,0,1,0.78,35.6
P000254,dropped,223408,8,1070,False,25,5682,23,0,2,38,7967,25,0,13,5.31,11.2
P000017,dropped,89251,7,870,False,32,5419,0,0,32,36,6435,0,0,36,6.23,35.9
IBFACCCDF,train,141184,128,18376,True,34,5356,28,2,6,37,5960,28,2,9,0.29,24.1
IC555D0EB,dropped,300840,2,168,True,20,4987,16,2,4,25,6103,16,2,9,29.68,6.6
I8062BDF5,dropped,24579,2,109,True,7,4827,7,0,0,6,4857,6,0,0,44.28,28.5
P000055,train,303755,173,20020,False,30,4808,28,0,2,38,6284,30,0,8,0.24,9.9
I7D476A8B,train,256893,39,6689,True,22,4644,21,0,1,40,7697,24,0,16,0.69,8.6
P000153,train,166973,117,13223,False,25,4591,22,0,3,30,5435,24,0,6,0.35,15.0
P000162,train,194650,27,4135,False,24,4406,21,0,3,25,4770,21,0,4,1.07,12.3
P000237,val,148092,28,8541,False,23,4178,18,0,5,27,5013,17,0,10,0.49,15.5
IFF541F44,train,208766,92,13480,True,25,4104,24,1,1,35,5744,26,1,9,0.3,12.0
IF428CDDB,train,414209,353,55832,True,18,3977,18,0,0,21,4425,18,0,3,0.07,4.3
P000155,dropped,161248,4,345,False,14,3762,2,0,12,21,5172,3,0,18,10.9,8.7
I8A57AE06,dropped,9702,2,52,True,23,3644,0,23,23,23,3644,0,23,23,70.08,237.1
P000081,train,473180,177,50126,False,14,3577,8,0,6,20,4588,8,0,12,0.07,3.0
I85C28EDA,dropped,167221,6,2397,True,16,3571,5,0,11,26,5453,5,0,21,1.49,9.6
P000213,train,153585,165,19656,False,27,3431,0,0,27,43,6120,0,0,43,0.17,17.6
I920AA7AC,train,336116,418,59949,True,13,3394,12,1,1,23,4997,14,1,9,0.06,3.9
I069801F1,dropped,55881,13,868,True,20,3315,20,0,0,23,3864,23,0,0,3.82,35.8
I9AEEF96A,test,11369,20,2642,True,20,3193,20,0,0,20,3673,20,0,0,1.21,175.9
I98D03292,train,412649,373,55718,True,15,3028,13,2,2,19,3708,13,2,6,0.05,3.6
P000118,test,80775,52,6800,False,16,2837,16,0,0,19,3417,18,0,1,0.42,19.8
P000177,dropped,288680,8,1277,False,10,2704,6,0,4,16,3719,6,0,10,2.12,3.5
P000026,train,38055,25,3883,False,11,2675,0,0,11,12,2820,0,0,12,0.69,28.9
P000189,dropped,24724,2,107,False,14,2610,0,0,14,17,3131,0,0,17,24.39,56.6
IBC775AF6,train,284388,28,5683,True,13,2499,0,0,13,30,5755,0,0,30,0.44,4.6
I9811592F,val,116840,61,1929,True,14,2086,8,2,6,18,2795,8,2,10,1.08,12.0
I85485484,dropped,5985,1,160,True,13,2079,0,13,13,13,2079,0,13,13,12.99,217.2
IB45DE768,dropped,7695,2,43,True,5,1941,5,0,0,5,1941,5,0,0,45.14,65.0
I9CB71958,train,31805,139,3247,True,10,1922,10,0,0,10,2388,9,0,1,0.59,31.4
IA473D353,val,108809,125,13417,True,8,1897,6,2,2,11,2477,8,2,3,0.14,7.4
I8698A1DF,val,96422,156,9565,True,5,1810,5,0,0,7,2182,5,0,2,0.19,5.2
I100E7DAD,train,341946,325,46536,True,14,1797,0,0,14,54,8632,0,0,54,0.04,4.1
I454D2699,val,78275,46,12304,True,9,1703,5,4,4,10,2054,5,4,5,0.14,11.5
P000129,train,502945,194,55842,False,8,1635,8,0,0,14,2590,8,0,6,0.03,1.6
P000135,dropped,71282,2,112,False,10,1536,7,0,3,13,2418,6,0,7,13.71,14.0
P000194,dropped,19446,5,507,False,6,1513,0,0,6,7,1812,0,0,7,2.98,30.9
I1637B774,train,27637,438,4014,True,4,1420,0,0,4,3,1459,0,0,3,0.35,14.5
P000172,dropped,72237,8,643,False,10,1237,10,0,0,15,2239,10,0,5,1.92,13.8
I319DAFF7,test,6503,18,2317,True,8,1202,8,0,0,8,1202,8,0,0,0.52,123.0
P000251,dropped,33156,5,574,False,8,1183,8,0,0,15,2557,8,0,7,2.06,24.1
I9779E60E,dropped,57331,5,558,True,7,1138,7,0,0,7,1221,7,0,0,2.04,12.2
I60D0ED54,dropped,21161,2,84,True,3,1134,1,0,2,4,1287,1,0,3,13.5,14.2
I23323023,train,84969,207,24854,True,8,1128,8,0,0,14,2378,9,0,5,0.05,9.4
I19A08A51,val,14897,18,3130,True,4,981,3,0,1,5,1267,3,0,2,0.31,26.9
IAA85B9B5,dropped,10832,13,4127,True,2,976,0,0,2,2,1240,0,1,2,0.24,18.5
I5048861E,dropped,26999,3,164,True,2,875,0,1,2,3,1154,0,1,3,5.34,7.4
IBBB26EA1,dropped,18588,2,42,True,2,875,1,0,1,2,1015,1,0,1,20.83,10.8
P000117,train,73460,86,13392,False,6,838,6,0,0,6,890,6,0,0,0.06,8.2
I6F43CD1F,dropped,14830,1,254,True,2,783,2,0,0,4,1173,2,0,2,3.08,13.5
I74772DFF,dropped,189248,7,1516,True,5,779,3,0,2,7,1139,3,0,4,0.51,2.6
I163178A0,dropped,7522,2,56,True,3,763,1,0,2,5,1351,1,1,4,13.62,39.9
I9779A606,train,320369,18,2815,True,4,710,0,0,4,20,3629,0,0,20,0.25,1.2
I9D9C7AC9,test,14402,43,5768,True,2,625,0,2,2,2,625,0,2,2,0.11,13.9
I62D7430C,dropped,28689,58,7410,True,2,614,2,0,0,2,614,2,0,0,0.08,7.0
I88DA3111,dropped,10195,4,479,True,5,598,5,0,0,5,598,5,0,0,1.25,49.0
I587B7DED,train,22518,46,5155,True,2,584,0,0,2,2,584,0,0,2,0.11,8.9
IF6B54962,dropped,10526,2,50,True,2,484,0,0,2,3,666,0,0,3,9.68,19.0
P000056,test,73194,108,17395,False,3,385,0,0,3,3,385,0,0,3,0.02,4.1
IDAD44BA2,train,19963,514,4840,True,2,368,0,0,2,2,368,0,0,2,0.08,10.0
I881A57E8,train,123453,1746,29147,True,2,325,0,2,2,4,741,0,2,4,0.01,1.6
I8994AAB2,train,321927,243,59886,True,1,319,1,0,0,7,1315,1,0,6,0.01,0.3
IF3ACC3E1,test,35731,759,5748,True,2,278,0,0,2,2,278,0,0,2,0.05,5.6
IDDB46142,dropped,4214,1,56,True,2,267,0,1,2,2,408,0,1,2,4.77,47.5
IC5CE7FE9,train,339122,247,44327,True,2,257,0,0,2,14,2325,0,0,14,0.01,0.6
I5BFCBB3F,dropped,17335,2,52,True,1,177,0,0,1,1,206,0,0,1,3.4,5.8
I4FDF07E7,val,10399,55,4972,True,1,152,0,1,1,1,152,0,1,1,0.03,9.6
I2133CA39,train,299998,197,31868,True,1,140,0,0,1,11,1895,0,0,11,0.0,0.3
IDACD7FC0,dropped,12267,3,109,True,1,139,0,0,1,1,139,0,0,1,1.28,8.2
IE79CC998,dropped,18157,2,58,True,1,115,1,0,0,3,510,1,0,2,1.98,5.5
IB5F523B2,dropped,4544,2,49,True,0,0,0,0,0,1,187,0,0,1,0.0,0.0
IC99C24DC,dropped,3111,2,48,True,0,0,0,0,0,0,0,0,0,0,0.0,0.0
ID4AD2D0E,train,8919,18,2103,True,0,0,0,0,0,1,150,0,0,1,0.0,0.0
IA3DD1ADA,dropped,13071,1,15,True,0,0,0,0,0,0,0,0,0,0,0.0,0.0
IEEBAD11E,dropped,3592,2,40,True,0,0,0,0,0,0,0,0,0,0,0.0,0.0
I786395B4,dropped,64332,5,1029,True,0,0,0,0,0,0,0,0,0,0,0.0,0.0
IFE0B60AA,train,34506,280,33380,True,0,0,0,0,0,0,0,0,0,0,0.0,0.0
I617FDD1E,train,3076,10,734,True,0,0,0,0,0,1,136,0,1,1,0.0,0.0
