pecha_id,n_tsawa,n_merged,has_commentary,n_commentary,n_tsawa_touching_commentary,pct_touching,split,flag_zero_overlap,flag_nocom_many,flag_nocom_other
I6D11E414,807,125,True,834,0,0.0,train,True,False,False
IEF3A4022,548,539,True,849,0,0.0,train,True,False,False
I920AA7AC,418,309,True,378,0,0.0,train,True,False,False
I98D03292,373,338,True,458,0,0.0,train,True,False,False
IF428CDDB,353,342,True,457,0,0.0,train,True,False,False
I100E7DAD,325,325,True,682,0,0.0,train,True,False,False
IFE0B60AA,280,17,True,2,0,0.0,train,True,False,False
IC5CE7FE9,247,234,True,320,0,0.0,train,True,False,False
I8994AAB2,243,232,True,315,0,0.0,train,True,False,False
IB8F4E5BE,228,61,True,2332,0,0.0,train,True,False,False
I23323023,207,195,True,208,0,0.0,train,True,False,False
I9B6A4525,203,200,True,621,0,0.0,test,True,False,False
I2133CA39,197,184,True,530,0,0.0,train,True,False,False
IC05A6BE0,166,166,True,343,0,0.0,test,True,False,False
I058DD999,147,107,True,308,0,0.0,train,True,False,False
I0FCFA88F,146,144,True,268,0,0.0,test,True,False,False
IBFACCCDF,128,120,True,245,0,0.0,train,True,False,False
IA473D353,125,56,True,214,0,0.0,val,True,False,False
ICDC84458,101,61,True,596,0,0.0,test,True,False,False
IB047F8C7,79,58,True,457,0,0.0,train,True,False,False
I8B49E87B,71,71,True,407,0,0.0,val,True,False,False
I4B1806B4,69,69,True,482,0,0.0,val,True,False,False
IA2F1ACFA,66,53,True,550,0,0.0,train,True,False,False
I2EAAF38A,65,62,True,217,0,0.0,val,True,False,False
I9811592F,61,61,True,131,0,0.0,val,True,False,False
IAE1E11E5,60,58,True,407,0,0.0,train,True,False,False
I62D7430C,58,9,True,10,0,0.0,dropped,True,False,False
I454D2699,46,40,True,85,0,0.0,val,True,False,False
I587B7DED,46,46,True,54,0,0.0,train,True,False,False
I40E5024E,45,41,True,136,0,0.0,train,True,False,False
I7D476A8B,39,38,True,222,0,0.0,train,True,False,False
I575514A8,33,33,True,108,0,0.0,test,True,False,False
I88977D82,32,32,True,316,0,0.0,train,True,False,False
IBC775AF6,28,20,True,636,0,0.0,train,True,False,False
IDDA7F69E,27,25,True,283,0,0.0,train,True,False,False
I27E347E9,25,15,True,463,0,0.0,train,True,False,False
I9779A606,18,12,True,836,0,0.0,train,True,False,False
I069801F1,13,6,True,88,0,0.0,dropped,True,False,False
I4FABF1F8,11,11,True,302,0,0.0,train,True,False,False
IE2421BEA,10,8,True,647,0,0.0,dropped,True,False,False
I1DCBD5CC,8,8,True,506,0,0.0,dropped,True,False,False
IBF8C5BB6,7,7,True,259,0,0.0,dropped,True,False,False
I85C28EDA,6,6,True,166,0,0.0,dropped,True,False,False
IFA88A536,6,1,True,148,0,0.0,dropped,True,False,False
I786395B4,5,5,True,338,0,0.0,dropped,True,False,False
I8961718B,5,5,True,348,0,0.0,dropped,True,False,False
I88DA3111,4,4,True,43,0,0.0,dropped,True,False,False
I849C345E,3,3,True,185,0,0.0,dropped,True,False,False
I88CF073C,3,3,True,102,0,0.0,dropped,True,False,False
I2FCD4B1D,2,2,True,408,0,0.0,dropped,True,False,False
IC3A7006F,2,1,True,198,0,0.0,dropped,True,False,False
ICC9840B6,2,2,True,409,0,0.0,dropped,True,False,False
I0156A8B1,1,1,True,57,0,0.0,dropped,True,False,False
I0B81CD66,1,1,True,786,0,0.0,dropped,True,False,False
I51B9FE5F,1,1,True,340,0,0.0,dropped,True,False,False
I85485484,1,1,True,22,0,0.0,dropped,True,False,False
IA3DD1ADA,1,1,True,49,0,0.0,dropped,True,False,False
IB47565DE,1,1,True,599,0,0.0,dropped,True,False,False
IF4C4BF01,1,1,True,584,0,0.0,dropped,True,False,False
P000078,377,377,False,0,,,train,False,True,False
P000224,338,337,False,0,,,train,False,True,False
P000161,337,335,False,0,,,val,False,True,False
P000175,281,280,False,0,,,val,False,True,False
P000246,264,253,False,0,,,train,False,True,False
P000195,252,216,False,0,,,train,False,True,False
P000044,244,243,False,0,,,train,False,True,False
P000067,207,207,False,0,,,test,False,True,False
P000046,195,195,False,0,,,train,False,True,False
P000129,194,194,False,0,,,train,False,True,False
P000083,190,190,False,0,,,test,False,True,False
P000199,188,187,False,0,,,train,False,True,False
P000151,184,181,False,0,,,train,False,True,False
P000164,183,183,False,0,,,test,False,True,False
P000081,177,177,False,0,,,train,False,True,False
P000259,176,151,False,0,,,train,False,True,False
P000055,173,171,False,0,,,train,False,True,False
P000242,171,171,False,0,,,test,False,True,False
P000179,170,169,False,0,,,train,False,True,False
P000213,165,153,False,0,,,train,False,True,False
P000021,141,137,False,0,,,train,False,True,False
P000207,130,129,False,0,,,train,False,True,False
P000153,117,102,False,0,,,train,False,True,False
I881A57E8,1746,1710,True,300,1646,94.3,train,False,False,False
IB522F095,1253,387,True,399,2,0.2,train,False,False,False
I9FF2B59B,1230,1229,True,130,1229,99.9,train,False,False,False
IF3ACC3E1,759,747,True,50,759,100.0,test,False,False,False
IDAD44BA2,514,507,True,30,511,99.4,train,False,False,False
I1637B774,438,432,True,15,438,100.0,train,False,False,False
IB8D599AA,309,307,True,775,2,0.6,train,False,False,False
I5134B437,219,207,True,960,6,2.7,train,False,False,False
IF7A04537,164,164,True,299,1,0.6,train,False,False,False
I25463E37,156,60,True,345,127,81.4,train,False,False,False
I8698A1DF,156,156,True,335,1,0.6,val,False,False,False
I4CAE7B8B,152,147,True,280,9,5.9,train,False,False,False
I9CB71958,139,138,True,31,6,4.3,train,False,False,False
I895C519A,123,122,True,64,109,88.6,val,False,False,False
P000144,115,113,False,0,,,test,False,False,True
P000056,108,108,False,0,,,test,False,False,True
P000028,103,103,False,0,,,val,False,False,True
P000068,103,103,False,0,,,train,False,False,True
P000203,103,102,False,0,,,train,False,False,True
P000145,100,100,False,0,,,train,False,False,True
IFF541F44,92,88,True,238,4,4.3,train,False,False,False
P000013,89,89,False,0,,,test,False,False,True
P000132,88,83,False,0,,,train,False,False,True
IC87920B7,86,86,True,329,2,2.3,train,False,False,False
P000117,86,45,False,0,,,train,False,False,True
I36A7A668,84,83,True,339,2,2.4,train,False,False,False
P000071,82,81,False,0,,,val,False,False,True
P000084,80,80,False,0,,,val,False,False,True
I4FD99A33,79,79,True,379,2,2.5,val,False,False,False
P000070,79,76,False,0,,,train,False,False,True
P000128,77,76,False,0,,,train,False,False,True
P000141,60,60,False,0,,,train,False,False,True
I3F4A91F5,58,58,True,448,2,3.4,test,False,False,False
P000185,56,56,False,0,,,train,False,False,True
I4FDF07E7,55,43,True,6,1,1.8,val,False,False,False
P000118,52,52,False,0,,,test,False,False,True
P000027,51,51,False,0,,,test,False,False,True
P000269,50,39,False,0,,,test,False,False,True
I9D9C7AC9,43,43,True,7,2,4.7,test,False,False,False
P000022,42,42,False,0,,,train,False,False,True
P000094,39,39,False,0,,,train,False,False,True
P000074,35,35,False,0,,,train,False,False,True
P000225,31,31,False,0,,,train,False,False,True
IE5895799,29,29,True,492,2,6.9,test,False,False,False
P000237,28,28,False,0,,,val,False,False,True
P000162,27,27,False,0,,,train,False,False,True
P000219,27,27,False,0,,,train,False,False,True
IF84B2E71,26,17,True,390,2,7.7,train,False,False,False
IEE67309C,25,24,True,274,2,8.0,train,False,False,False
P000026,25,25,False,0,,,train,False,False,True
P000241,23,23,False,0,,,train,False,False,True
P000218,22,22,False,0,,,train,False,False,True
I9AEEF96A,20,19,True,40,2,10.0,test,False,False,False
I19A08A51,18,18,True,43,2,11.1,val,False,False,False
I319DAFF7,18,17,True,18,2,11.1,test,False,False,False
ID4AD2D0E,18,15,True,14,3,16.7,train,False,False,False
P000127,18,18,False,0,,,train,False,False,True
P000123,17,17,False,0,,,train,False,False,True
P000215,17,16,False,0,,,val,False,False,True
I2D96E5C8,15,15,True,842,1,6.7,train,False,False,False
IC6F06BCD,14,14,True,319,2,14.3,test,False,False,False
IAA85B9B5,13,4,True,13,2,15.4,dropped,False,False,False
P000193,12,12,False,0,,,train,False,False,True
P000020,11,11,False,0,,,train,False,False,True
I617FDD1E,10,10,True,6,1,10.0,train,False,False,False
P000066,9,9,False,0,,,dropped,False,False,True
I6EFF9668,8,5,True,124,2,25.0,dropped,False,False,False
P000172,8,8,False,0,,,dropped,False,False,True
P000177,8,8,False,0,,,dropped,False,False,True
P000254,8,8,False,0,,,dropped,False,False,True
I74772DFF,7,4,True,249,4,57.1,dropped,False,False,False
P000017,7,7,False,0,,,dropped,False,False,True
P000089,7,7,False,0,,,dropped,False,False,True
P000204,7,7,False,0,,,dropped,False,False,True
P000253,7,7,False,0,,,dropped,False,False,True
P000114,6,6,False,0,,,dropped,False,False,True
I9779E60E,5,5,True,39,1,20.0,dropped,False,False,False
P000101,5,5,False,0,,,dropped,False,False,True
P000168,5,5,False,0,,,dropped,False,False,True
P000194,5,5,False,0,,,dropped,False,False,True
P000201,5,5,False,0,,,dropped,False,False,True
P000251,5,5,False,0,,,dropped,False,False,True
I344D2A4C,4,4,True,2,4,100.0,dropped,False,False,False
IB8EEB9FB,4,1,True,846,4,100.0,dropped,False,False,False
IE166DA22,4,4,True,109,4,100.0,dropped,False,False,False
P000098,4,4,False,0,,,dropped,False,False,True
P000155,4,4,False,0,,,dropped,False,False,True
P000230,4,4,False,0,,,dropped,False,False,True
I07240379,3,3,True,134,2,66.7,dropped,False,False,False
I5048861E,3,3,True,35,2,66.7,dropped,False,False,False
I5F5D9F5A,3,3,True,171,2,66.7,dropped,False,False,False
IDACD7FC0,3,3,True,34,3,100.0,dropped,False,False,False
P000054,3,3,False,0,,,dropped,False,False,True
P000085,3,3,False,0,,,dropped,False,False,True
P000188,3,3,False,0,,,dropped,False,False,True
P000275,3,1,False,0,,,dropped,False,False,True
I163178A0,2,2,True,22,2,100.0,dropped,False,False,False
I52248444,2,2,True,264,2,100.0,dropped,False,False,False
I5BFCBB3F,2,2,True,155,2,100.0,dropped,False,False,False
I60D0ED54,2,2,True,43,2,100.0,dropped,False,False,False
I6380CEC4,2,2,True,555,2,100.0,dropped,False,False,False
I8062BDF5,2,1,True,26,2,100.0,dropped,False,False,False
I8A57AE06,2,2,True,30,2,100.0,dropped,False,False,False
I91949F99,2,2,True,565,2,100.0,dropped,False,False,False
I97B90DC0,2,2,True,374,2,100.0,dropped,False,False,False
IB45DE768,2,2,True,19,2,100.0,dropped,False,False,False
IB5F523B2,2,2,True,31,2,100.0,dropped,False,False,False
IBBB26EA1,2,2,True,32,2,100.0,dropped,False,False,False
IC555D0EB,2,2,True,247,2,100.0,dropped,False,False,False
IC99C24DC,2,2,True,10,2,100.0,dropped,False,False,False
IDBFF9DE3,2,2,True,421,2,100.0,dropped,False,False,False
IE79CC998,2,2,True,31,2,100.0,dropped,False,False,False
IEA9B747E,2,2,True,552,2,100.0,dropped,False,False,False
IEEBAD11E,2,2,True,22,2,100.0,dropped,False,False,False
IF6B54962,2,2,True,42,2,100.0,dropped,False,False,False
IF85C9484,2,2,True,797,2,100.0,dropped,False,False,False
P000073,2,2,False,0,,,dropped,False,False,True
P000135,2,2,False,0,,,dropped,False,False,True
P000170,2,2,False,0,,,dropped,False,False,True
P000189,2,2,False,0,,,dropped,False,False,True
P000200,2,2,False,0,,,dropped,False,False,True
P000217,2,2,False,0,,,dropped,False,False,True
P000226,2,2,False,0,,,dropped,False,False,True
I6F43CD1F,1,1,True,34,1,100.0,dropped,False,False,False
IDDB46142,1,1,True,18,1,100.0,dropped,False,False,False
P000111,1,1,False,0,,,dropped,False,False,True
P000115,1,1,False,0,,,dropped,False,False,True
P000176,1,1,False,0,,,dropped,False,False,True
P000178,1,1,False,0,,,dropped,False,False,True
P000180,1,1,False,0,,,dropped,False,False,True
