pecha_id,old_start,old_end,new_start,new_end,shift
P000027,10641,10797,10641,10797,0
P000027,10815,10928,10815,10928,0
P000027,12767,12880,12767,12880,0
P000027,14539,14646,14539,14646,0
P000027,15194,15252,15194,15252,0
P000027,15495,15667,15495,15667,0
P000027,16054,16136,16054,16136,0
P000027,16725,16777,16696,16748,-29
P000027,17300,17349,17330,17379,30
P000027,18414,18570,18414,18570,0
P000027,19570,19689,19601,19720,31
P000027,20518,20716,20548,20746,30
P000027,22925,23158,22955,23188,30
P000027,26531,26638,26561,26668,30
P000027,27196,27355,27206,27365,10
P000027,28296,28383,28326,28413,30
P000027,29182,29481,29182,29481,0
P000027,30824,31143,30855,31174,31
P000027,32718,32998,32749,33029,31
P000027,34589,34648,34619,34678,30
P000027,35210,35408,35214,35412,4
P000027,38714,38799,38716,38801,2
P000027,40212,40384,40241,40413,29
P000027,40943,41090,40973,41120,30
P000027,43445,43605,43444,43604,-1
P000027,45604,45911,45602,45909,-2
P000027,47348,47499,47378,47529,30
P000027,48960,49147,48990,49177,30
P000027,50399,50519,50429,50549,30
P000027,51391,51477,51391,51477,0
P000027,53141,53217,53061,53137,-80
P000027,55144,55228,55174,55258,30
P000027,55867,55960,55833,55926,-34
P000027,56490,56665,56520,56695,30
P000027,57451,57569,57481,57599,30
P000027,59071,59261,59062,59252,-9
P000027,60381,60505,60411,60535,30
P000027,61032,61150,61032,61150,0
P000027,61610,61698,61637,61725,27
P000027,62259,62322,62290,62353,31
P000027,63370,63436,63363,63429,-7
P000027,64202,64268,64195,64261,-7
P000027,65212,65277,65237,65302,25
P000027,65778,65833,65809,65864,31
P000027,66184,66246,66209,66271,25
P000027,67079,67211,67109,67241,30
P000027,67893,68142,67893,68142,0
P000027,68809,68927,68811,68929,2
P000027,69528,69656,69519,69647,-9
P000027,70943,71036,70971,71064,28
P000027,71631,71764,71589,71722,-42
P000083,22254,22328,22254,22328,0
P000083,24832,24955,24832,24955,0
P000083,25844,25933,25844,25933,0
P000083,26689,26987,26689,26987,0
P000083,40026,40166,40026,40166,0
P000083,40680,40800,40680,40800,0
P000083,41492,41582,41492,41582,0
P000083,42518,42694,42518,42694,0
P000083,43520,43591,43520,43591,0
P000083,44076,44226,44076,44226,0
P000083,44396,44474,44396,44474,0
P000083,44999,45121,44999,45121,0
P000083,45576,45721,45576,45721,0
P000083,46573,46675,46573,46675,0
P000083,47553,47696,47553,47696,0
P000083,48754,48994,48754,48994,0
P000083,50867,51003,50867,51003,0
P000083,52031,52115,52031,52115,0
P000083,52869,52933,52869,52933,0
P000083,53639,53748,53639,53748,0
P000083,54686,54798,54686,54798,0
P000083,55595,55880,55595,55880,0
P000083,57644,57783,57644,57783,0
P000083,58732,59050,58732,59050,0
P000083,60727,60841,60727,60841,0
P000083,61157,61334,61157,61334,0
P000083,63144,63292,63144,63292,0
P000083,64050,64204,64050,64204,0
P000083,65549,65699,65549,65699,0
P000083,66865,67750,66865,67750,0
P000083,74563,74710,74563,74710,0
P000083,75927,76080,75927,76080,0
P000083,77798,78179,77798,78179,0
P000083,80695,80811,80695,80811,0
P000083,81476,81739,81476,81739,0
P000083,83041,83111,83041,83111,0
P000083,83518,83698,83518,83698,0
P000083,84846,84912,84846,84912,0
P000083,85417,85560,85417,85560,0
P000083,86449,86527,86411,86489,-38
P000083,89238,89358,89238,89358,0
P000083,90034,90175,90034,90175,0
P000083,91010,91300,91010,91300,0
P000083,91383,91497,91383,91497,0
P000083,94448,94589,94448,94589,0
P000083,96883,97018,96883,97018,0
P000083,101770,101883,101827,101940,57
P000083,102340,102411,102396,102467,56
P000083,103170,103285,103226,103341,56
P000083,104682,104759,104703,104780,21
P000083,105341,106097,105397,106153,56
P000083,107211,107357,107267,107413,56
P000083,109331,109405,109388,109462,57
P000083,110860,111021,110917,111078,57
P000083,111902,112061,111915,112074,13
P000083,113600,113763,113493,113656,-107
P000083,115223,115299,115096,115172,-127
P000083,115916,115996,115932,116012,16
P000083,116848,116919,116904,116975,56
P000083,117413,117492,117470,117549,57
P000083,118948,119024,119004,119080,56
P000083,119608,119694,119463,119549,-145
P000083,120409,120485,120467,120543,58
P000083,121361,121506,121344,121489,-17
P000083,122880,123112,122705,122937,-175
P000083,124704,124783,124623,124702,-81
P000083,125290,125463,125348,125521,58
P000083,129751,129835,129805,129889,54
P000083,130213,130364,130388,130539,175
P000083,131726,132229,131783,132286,57
P000083,134581,134810,134561,134790,-20
P000083,135593,135773,135648,135828,55
P000083,136451,136642,136469,136660,18
P000083,137491,137641,137472,137622,-19
P000083,138305,138929,138322,138946,17
P000083,144896,146168,144911,146183,15
P000083,153810,153919,153833,153942,23
P000083,155737,155908,155712,155883,-25
P000083,158923,159079,158980,159136,57
P000083,161824,161935,161955,162066,131
P000083,162489,162567,162508,162586,19
P000083,164452,164551,164378,164477,-74
P000083,165292,165406,165348,165462,56
P000083,166790,167095,166808,167113,18
P000083,168832,168908,168812,168888,-20
P000083,169561,169713,169619,169771,58
P000083,170241,170395,170298,170452,57
P000083,171641,171824,171698,171881,57
P000083,173914,173983,173824,173893,-90
P000083,174466,174743,174523,174800,57
P000083,176702,177053,176757,177108,55
P000083,180866,181008,180855,180997,-11
P000083,181566,181643,181623,181700,57
P000083,182111,182299,182168,182356,57
P000083,182950,183031,183003,183084,53
P000083,183453,183637,183475,183659,22
P000083,184936,185639,184922,185625,-14
P000083,189190,189458,189246,189514,56
P000083,191758,192080,191813,192135,55
P000083,193418,193534,193440,193556,22
P000083,194008,194159,194064,194215,56
P000083,194951,195664,195008,195721,57
P000083,197850,197967,197906,198023,56
P000083,198622,198694,198679,198751,57
P000083,198981,199352,198927,199298,-54
P000083,200686,200842,200703,200859,17
P000083,201814,201896,201871,201953,57
P000083,202608,202901,202666,202959,58
P000083,204012,204175,204068,204231,56
P000083,204856,205025,204913,205082,57
P000083,205863,206015,205843,205995,-20
P000083,207005,207178,207061,207234,56
P000083,208711,208790,208728,208807,17
P000083,209202,209790,209260,209848,58
P000083,211354,211456,211412,211514,58
P000083,212065,212133,212122,212190,57
P000083,212571,213240,212698,213367,127
P000083,214950,215176,214961,215187,11
P000083,215888,215977,215856,215945,-32
P000083,216322,217147,216337,217162,15
P000083,219763,220153,219820,220210,57
P000083,221032,221144,221090,221202,58
P000083,221487,221847,221465,221825,-22
P000083,222715,223326,222831,223442,116
P000083,224755,225162,224808,225215,53
P000083,226275,226616,226333,226674,58
P000083,228397,228577,228454,228634,57
P000083,229567,229780,229624,229837,57
P000083,231409,231564,231426,231581,17
P000083,232123,232263,232181,232321,58
P000083,233168,233244,233184,233260,16
P000083,233731,233889,233789,233947,58
P000083,237259,237337,237274,237352,15
P000083,237865,237999,237923,238057,58
P000083,238509,238659,238526,238676,17
P000083,239041,239223,239098,239280,57
P000083,239760,240039,239817,240096,57
P000083,240734,240979,240791,241036,57
P000083,241722,242045,241778,242101,56
P000083,243195,243442,243251,243498,56
P000083,244276,244653,244333,244710,57
P000083,245906,246123,245961,246178,55
P000083,246996,247146,247011,247161,15
P000083,247638,247780,247693,247835,55
P000083,248617,248694,248600,248677,-17
P000083,249547,249693,249555,249701,8
P000083,251171,251443,251189,251461,18
P000083,252454,252647,252511,252704,57
P000083,253580,253852,253636,253908,56
P000083,254929,255016,254939,255026,10
P000083,255506,255841,255524,255859,18
P000083,257444,257518,257499,257573,55
P000083,258776,258920,258834,258978,58
P000083,259962,260042,260016,260096,54
P000083,260293,260451,260427,260585,134
P000083,261047,261351,261105,261409,58
P000083,262473,262918,262526,262971,53
P000083,264740,264854,264795,264909,55
P000083,265323,265395,265380,265452,57
P000083,265806,265997,265862,266053,56
P000083,267039,267191,267094,267246,55
P000083,268037,268149,268089,268201,52
P000083,268997,269271,269017,269291,20
P000083,270437,270516,270494,270573,57
P000083,271517,271592,271499,271574,-18
P000083,271913,272144,271968,272199,55
P000083,273278,273353,273333,273408,55
P000083,273677,273787,273735,273845,58
P000083,274367,274444,274421,274498,54
P000083,274760,274843,274733,274816,-27
P000083,275319,275395,275484,275560,165
P000083,275751,275985,275807,276041,56
P000083,277526,277676,277581,277731,55
P000083,278539,278688,278594,278743,55
P000083,279235,279382,279293,279440,58
P000083,279954,280104,280011,280161,57
P000083,280558,280704,280614,280760,56
P000083,281382,281542,281440,281600,58
P000083,282149,282222,282206,282279,57
P000083,282558,283402,282615,283459,57
P000083,285445,285593,285503,285651,58
P000083,286076,286239,286133,286296,57
P000083,286929,287602,286941,287614,12
P000083,290094,290853,290150,290909,56
P000083,293720,293847,293777,293904,57
P000083,294589,295931,294604,295946,15
P000083,299752,300045,299771,300064,19
P000083,301325,301541,301227,301443,-98
P000083,302449,302719,302507,302777,58
P000083,314250,314449,314238,314437,-12
P000144,9870,10261,9870,10261,0
P000144,12327,12443,12327,12443,0
P000144,17994,18203,17994,18203,0
P000144,21128,21427,21128,21427,0
P000144,25572,25751,25572,25751,0
P000144,26823,27030,26823,27030,0
P000144,28228,28434,28228,28434,0
P000144,29620,29824,29620,29824,0
P000144,31456,31569,31456,31569,0
P000144,32350,32557,32350,32557,0
P000144,33732,33792,33732,33792,0
P000144,35250,35358,35250,35358,0
P000144,37519,37583,37519,37583,0
P000144,38759,38816,38759,38816,0
P000144,39950,40127,39950,40127,0
P000144,42089,42270,42089,42270,0
P000144,43337,43481,43337,43481,0
P000144,44965,45116,44965,45116,0
P000144,46626,46687,46626,46687,0
P000144,48967,49304,48967,49304,0
P000144,55609,55754,55609,55754,0
P000144,56213,56419,56213,56419,0
P000144,58665,58722,58765,58822,100
P000144,59335,59431,59371,59467,36
P000144,60904,61058,60960,61114,56
P000144,61755,61974,61822,62041,67
P000144,63475,63738,63498,63761,23
P000144,65707,65947,65708,65948,1
P000144,67269,67540,67338,67609,69
P000144,70292,70542,70356,70606,64
P000144,71501,71622,71601,71722,100
P000144,74789,75064,74856,75131,67
P000144,78415,78545,78350,78480,-65
P000144,88434,88815,88503,88884,69
P000144,91852,92147,91837,92132,-15
P000144,93995,94065,93995,94065,0
P000144,94084,94109,93903,93928,-181
P000144,95743,95853,95842,95952,99
P000144,96406,96465,96353,96412,-53
P000144,96710,96885,96809,96984,99
P000144,97270,97354,97368,97452,98
P000144,97780,97891,97880,97991,100
P000144,97945,98027,98044,98126,99
P000144,98557,98606,98656,98705,99
P000144,99683,99838,99781,99936,98
P000144,100843,100961,100702,100820,-141
P000144,101786,101985,101849,102048,63
P000144,104212,104447,104250,104485,38
P000144,107618,107738,107713,107833,95
P000144,107830,107939,107930,108039,100
P000144,108498,108681,108529,108712,31
P000144,109618,109720,109651,109753,33
P000144,110517,110820,110611,110914,94
P000144,112161,112479,112260,112578,99
P000144,113249,113433,113347,113531,98
P000144,114056,114342,114151,114437,95
P000144,115934,115995,116032,116093,98
P000144,116565,116762,116665,116862,100
P000144,120080,120165,120152,120237,72
P000144,121570,121744,121664,121838,94
P000144,122308,122460,122404,122556,96
P000144,123396,123522,123281,123407,-115
P000144,124822,124978,124922,125078,100
P000144,126989,127297,127055,127363,66
P000144,128738,128892,128807,128961,69
P000144,130379,130564,130478,130663,99
P000144,131814,131937,131880,132003,66
P000144,132805,132894,132902,132991,97
P000144,134568,134674,134563,134669,-5
P000144,135373,135520,135473,135620,100
P000144,136602,136700,136666,136764,64
P000144,137336,137426,137400,137490,64
P000144,137956,138131,138055,138230,99
P000144,138918,139042,138853,138977,-65
P000144,140551,140738,140611,140798,60
P000144,141860,141984,141797,141921,-63
P000144,142511,142627,142577,142693,66
P000144,143093,143179,143162,143248,69
P000144,143741,143809,143803,143871,62
P000144,144677,144796,144775,144894,98
P000144,144851,144916,144912,144977,61
P000144,145689,145756,145661,145728,-28
P000144,146416,146668,146582,146834,166
P000144,146709,146771,146808,146870,99
P000144,147278,147332,147216,147270,-62
P000144,147593,147650,147693,147750,100
P000144,147693,147755,147761,147823,68
P000144,148571,148705,148641,148775,70
P000144,149386,149633,149451,149698,65
P000144,150292,150414,150326,150448,34
P000144,151019,151144,151051,151176,32
P000144,152427,152524,152521,152618,94
P000144,153117,153180,153214,153277,97
P000144,154243,154371,154342,154470,99
P000144,161417,161767,161514,161864,97
P000144,161785,161937,161913,162065,128
P000144,166030,166159,166097,166226,67
P000144,166281,166573,166230,166522,-51
P000144,167223,167406,167230,167413,7
P000144,168048,168277,168146,168375,98
P000144,169147,169250,169246,169349,99
P000144,169313,169472,169371,169530,58
P000144,169540,169601,169640,169701,100
P000144,170131,170294,170186,170349,55
P000144,173280,173735,173377,173832,97
P000144,182325,182483,182424,182582,99
P000144,206950,207068,207049,207167,99
P000144,227532,227841,227631,227940,99
P000144,229433,229557,229532,229656,99
P000144,229858,230205,229896,230243,38
P000144,230257,230378,230184,230305,-73
P000144,241679,243400,241741,243462,62
P000144,246626,247749,246725,247848,99
P000242,47104,47343,46942,47181,-162
P000242,48702,48823,48702,48823,0
P000242,49495,49628,49436,49569,-59
P000242,50506,50682,50506,50682,0
P000242,51508,51580,51508,51580,0
P000242,52062,52214,52063,52215,1
P000242,60427,60572,60428,60573,1
P000242,64551,64653,64551,64653,0
P000242,67188,67469,67189,67470,1
P000242,69787,69941,69788,69942,1
P000242,71676,71805,71637,71766,-39
P000242,72613,72689,72577,72653,-36
P000242,74013,74123,74014,74124,1
P000242,75558,75899,75576,75917,18
P000242,76647,76933,76633,76919,-14
P000242,80284,80484,80274,80474,-10
P000242,81585,81906,81635,81956,50
P000242,84139,84495,84233,84589,94
P000242,87080,87227,87162,87309,82
P000242,88241,88397,88285,88441,44
P000242,92159,92312,92196,92349,37
P000242,96753,97636,96835,97718,82
P000242,107118,107268,107168,107318,50
P000242,108799,108951,108881,109033,82
P000242,110940,111322,111022,111404,82
P000242,117142,117408,117189,117455,47
P000242,119877,119944,119926,119993,49
P000242,120587,120771,120669,120853,82
P000242,122051,122119,122064,122132,13
P000242,123239,123462,123239,123462,0
P000242,131223,131346,131223,131346,0
P000242,132181,132325,132264,132408,83
P000242,133152,133443,133234,133525,82
P000242,136848,136993,136930,137075,82
P000242,143438,143576,143361,143499,-77
P000242,151533,151607,151580,151654,47
P000242,156116,156224,156198,156306,82
P000242,156707,156785,156750,156828,43
P000242,157538,158293,157619,158374,81
P000242,163300,163378,163213,163291,-87
P000242,165572,165732,165655,165815,83
P000242,168467,168622,168585,168740,118
P000242,171882,172050,171876,172044,-6
P000242,177157,177232,177239,177314,82
P000242,177934,178011,178016,178093,82
P000242,179698,179765,179781,179848,83
P000242,180463,180541,180504,180582,41
P000242,183148,183225,183190,183267,42
P000242,183892,183974,183740,183822,-152
P000242,185116,185192,185199,185275,83
P000242,186453,186599,186462,186608,9
P000242,188492,188719,188574,188801,82
P000242,192645,192723,192600,192678,-45
P000242,193460,193636,193525,193701,65
P000242,203812,203890,203894,203972,82
P000242,204423,204576,204506,204659,83
P000242,206733,207236,206815,207318,82
P000242,210362,210830,210486,210954,124
P000242,211690,211870,211801,211981,111
P000242,212548,212738,212624,212814,76
P000242,213662,213812,213848,213998,186
P000242,214467,215086,214580,215199,113
P000242,222717,223985,222789,224057,72
P000242,236385,236493,236497,236605,112
P000242,238981,239147,239093,239259,112
P000242,243854,244008,243774,243928,-80
P000242,249436,249550,249547,249661,111
P000242,250192,250268,250302,250378,110
P000242,252400,252526,252513,252639,113
P000242,256334,256449,256447,256562,113
P000242,259110,259433,259223,259546,113
P000242,261322,261395,261434,261507,112
P000242,262063,262220,262137,262294,74
P000242,263612,263773,263721,263882,109
P000242,265237,265418,265350,265531,113
P000242,269151,269330,269137,269316,-14
P000242,269532,269705,269640,269813,108
P000242,269967,270247,270080,270360,113
P000242,273094,273440,273207,273553,113
P000242,277414,277562,277488,277636,74
P000242,278179,278258,278249,278328,70
P000242,278721,278912,278795,278986,74
P000242,280915,280992,281027,281104,112
P000242,281911,282095,281838,282022,-73
P000242,283804,284506,283841,284543,37
P000242,289254,289519,289364,289629,110
P000242,292478,292796,292591,292909,113
P000242,294158,294273,294236,294351,78
P000242,294773,294892,294882,295001,109
P000242,305941,306653,306053,306765,112
P000242,309310,309430,309251,309371,-59
P000242,311190,311559,311303,311672,113
P000242,313972,314128,314042,314198,70
P000242,315349,315433,315418,315502,69
P000242,318484,318781,318338,318635,-146
P000242,320950,321113,321063,321226,113
P000242,321790,321981,321902,322093,112
P000242,324192,324342,324120,324270,-72
P000242,325796,325970,325906,326080,110
P000242,328352,328432,328426,328506,74
P000242,329194,329788,329268,329862,74
P000242,331590,331691,331702,331803,112
P000242,332541,332613,332463,332535,-78
P000242,332997,334794,333066,334863,69
P000242,339815,340206,339926,340317,111
P000242,341246,341356,341359,341469,113
P000242,341792,342152,341866,342226,74
P000242,343127,343735,343239,343847,112
P000242,345574,345977,345685,346088,111
P000242,347324,347667,347507,347850,183
P000242,349789,349970,349867,350048,78
P000242,351710,351923,351821,352034,111
P000242,354765,354916,354878,355029,113
P000242,355982,356120,356094,356232,112
P000242,357772,357847,357842,357917,70
P000242,359145,359304,359258,359417,113
P000242,363294,363370,363365,363441,71
P000242,363886,364025,363927,364066,41
P000242,364872,365020,364984,365132,112
P000242,365614,365797,365723,365906,109
P000242,366467,366748,366578,366859,111
P000242,368155,368397,368266,368508,111
P000242,369482,369803,369593,369914,111
P000242,371320,371567,371432,371679,112
P000242,372624,372999,372582,372957,-42
P000242,374498,374717,374576,374795,78
P000242,376185,376336,376222,376373,37
P000242,377484,377622,377597,377735,113
P000242,379172,379250,379061,379139,-111
P000242,381002,381148,381066,381212,64
P000242,383530,383802,383604,383876,74
P000242,386942,387135,387054,387247,112
P000242,388261,388530,388374,388643,113
P000242,389675,389759,389786,389870,111
P000242,390371,390700,390484,390813,113
P000242,392692,392763,392650,392721,-42
P000242,394397,394540,394510,394653,113
P000242,396004,396085,395997,396078,-7
P000242,396648,396805,396761,396918,113
P000242,397434,397741,397471,397778,37
P000242,399454,399899,399565,400010,111
P000242,403683,403792,403796,403905,113
P000242,404657,404732,404767,404842,110
P000242,405661,405855,405735,405929,74
P000242,407597,407746,407707,407856,110
P000242,408596,408704,408707,408815,111
P000242,409908,410182,409984,410258,76
P000242,411757,411836,411869,411948,112
P000242,413319,413393,413431,413505,112
P000242,414037,414264,414147,414374,110
P000242,415619,415694,415729,415804,110
P000242,416077,416191,416188,416302,111
P000242,417224,417295,417337,417408,113
P000242,417867,417951,417898,417982,31
P000242,418851,418928,418962,419039,111
P000242,419787,420020,419899,420132,112
P000242,422999,423150,422962,423113,-37
P000242,424082,424233,424193,424344,111
P000242,424820,424964,424895,425039,75
P000242,425901,426051,426013,426163,112
P000242,426571,426722,426683,426834,112
P000242,427515,427678,427625,427788,110
P000242,428486,428562,428675,428751,189
P000242,428930,429777,429077,429924,147
P000242,432860,433013,432973,433126,113
P000242,433768,433934,433876,434042,108
P000242,435103,435773,435109,435779,6
P000242,439780,440536,439706,440462,-74
P000242,446270,446430,446113,446273,-157
P000242,448448,449819,448560,449931,112
P000242,454566,454856,454678,454968,112
P000269,920,1070,920,1070,0
P000269,5311,5423,5311,5423,0
P000269,5455,5575,5455,5575,0
P000269,6545,7216,6653,7324,108
P000269,7431,7639,7431,7639,0
P000269,7768,7855,7768,7855,0
P000269,7937,8033,7937,8033,0
P000269,8796,9037,8860,9101,64
P000269,9078,9302,9078,9302,0
P000269,10891,11002,10891,11002,0
P000269,33002,33184,33002,33184,0
P000269,47516,47680,47516,47680,0
P000269,47964,48077,47964,48077,0
P000269,51533,52041,51659,52167,126
P000269,52404,52558,52439,52593,35
P000269,56345,56462,56347,56464,2
P000269,57876,58049,57913,58086,37
P000269,59513,59749,59520,59756,7
P000269,61207,61331,61243,61367,36
P000269,64383,64492,64535,64644,152
P000269,64515,64734,64615,64834,100
P000269,64770,64864,64865,64959,95
P000269,64889,65154,64995,65260,106
P000269,65656,65894,65762,66000,106
P000269,66255,66371,66262,66378,7
P000269,72285,72472,72384,72571,99
P000269,72668,72820,72700,72852,32
P000269,72825,72885,72752,72812,-73
P000269,74274,74591,74341,74658,67
P000269,76901,77029,76938,77066,37
P000269,77049,77188,77223,77362,174
P000269,77285,77474,77322,77511,37
P000269,78961,79080,78965,79084,4
P000269,82209,82366,82358,82515,149
P000269,198179,198232,198334,198387,155
P000269,198255,198347,198294,198386,39
P000269,264448,264599,264637,264788,189
P000269,265479,265651,265668,265840,189
P000269,279655,280797,279817,280959,162
