pecha_id,n_tsawa,n_merged,has_commentary,n_commentary,n_tsawa_touching_commentary,pct_touching,split,flag_zero_overlap,flag_nocom_many,flag_nocom_other,note
I0156A8B1,1,1,True,57,0,0.0,dropped,True,False,False,
IF4C4BF01,1,1,True,584,0,0.0,dropped,True,False,False,
IB47565DE,1,1,True,599,0,0.0,dropped,True,False,False,
IA3DD1ADA,1,1,True,49,0,0.0,dropped,True,False,False,
IDDB46142,1,1,True,18,1,100.0,dropped,False,False,False,
I85485484,1,1,True,22,0,0.0,dropped,True,False,False,
P000115,1,1,False,0,,,dropped,False,False,True,
I6F43CD1F,1,1,True,34,1,100.0,dropped,False,False,False,
P000176,1,1,False,0,,,dropped,False,False,True,
P000178,1,1,False,0,,,dropped,False,False,True,
P000180,1,1,False,0,,,dropped,False,False,True,
P000111,1,1,False,0,,,dropped,False,False,True,
I51B9FE5F,1,1,True,340,0,0.0,dropped,True,False,False,
I0B81CD66,1,1,True,786,0,0.0,dropped,True,False,False,
I52248444,2,2,True,264,2,100.0,dropped,False,False,False,
IF6B54962,2,2,True,42,2,100.0,dropped,False,False,False,
IB45DE768,2,2,True,19,2,100.0,dropped,False,False,False,
P000217,2,2,False,0,,,dropped,False,False,True,
IB5F523B2,2,2,True,31,2,100.0,dropped,False,False,False,
P000226,2,2,False,0,,,dropped,False,False,True,
IBBB26EA1,2,2,True,32,2,100.0,dropped,False,False,False,
IEEBAD11E,2,2,True,22,2,100.0,dropped,False,False,False,
IC555D0EB,2,2,True,247,2,100.0,dropped,False,False,False,
IC99C24DC,2,2,True,10,2,100.0,dropped,False,False,False,
ICC9840B6,2,2,True,409,0,0.0,dropped,True,False,False,
IEA9B747E,2,2,True,552,2,100.0,dropped,False,False,False,
IDBFF9DE3,2,2,True,421,2,100.0,dropped,False,False,False,
IC3A7006F,2,1,True,198,0,0.0,dropped,True,False,False,merged count differs from raw
I97B90DC0,2,2,True,374,2,100.0,dropped,False,False,False,
IF85C9484,2,2,True,797,2,100.0,dropped,False,False,False,
I91949F99,2,2,True,565,2,100.0,dropped,False,False,False,
I60D0ED54,2,2,True,43,2,100.0,dropped,False,False,False,
I6380CEC4,2,2,True,555,2,100.0,dropped,False,False,False,
P000189,2,2,False,0,,,dropped,False,False,True,
P000170,2,2,False,0,,,dropped,False,False,True,
P000135,2,2,False,0,,,dropped,False,False,True,
I5BFCBB3F,2,2,True,155,2,100.0,dropped,False,False,False,
I8062BDF5,2,1,True,26,2,100.0,dropped,False,False,False,merged count differs from raw
P000200,2,2,False,0,,,dropped,False,False,True,
I163178A0,2,2,True,22,2,100.0,dropped,False,False,False,
P000073,2,2,False,0,,,dropped,False,False,True,
I8A57AE06,2,2,True,30,2,100.0,dropped,False,False,False,
I2FCD4B1D,2,2,True,408,0,0.0,dropped,True,False,False,
IE79CC998,2,2,True,31,2,100.0,dropped,False,False,False,
P000085,3,3,False,0,,,dropped,False,False,True,
P000188,3,3,False,0,,,dropped,False,False,True,
P000054,3,3,False,0,,,dropped,False,False,True,
IDACD7FC0,3,3,True,34,3,100.0,dropped,False,False,False,
P000275,3,1,False,0,,,dropped,False,False,True,merged count differs from raw
I07240379,3,3,True,134,2,66.7,dropped,False,False,False,
I5048861E,3,3,True,35,2,66.7,dropped,False,False,False,
I5F5D9F5A,3,3,True,171,2,66.7,dropped,False,False,False,
I849C345E,3,3,True,185,0,0.0,dropped,True,False,False,
I88CF073C,3,3,True,102,0,0.0,dropped,True,False,False,
P000230,4,4,False,0,,,dropped,False,False,True,
I344D2A4C,4,4,True,2,4,100.0,dropped,False,False,False,
P000098,4,4,False,0,,,dropped,False,False,True,
I88DA3111,4,4,True,43,0,0.0,dropped,True,False,False,
IE166DA22,4,4,True,109,4,100.0,dropped,False,False,False,
P000155,4,4,False,0,,,dropped,False,False,True,
IB8EEB9FB,4,1,True,846,4,100.0,dropped,False,False,False,merged count differs from raw
P000251,5,5,False,0,,,dropped,False,False,True,
P000201,5,5,False,0,,,dropped,False,False,True,
P000194,5,5,False,0,,,dropped,False,False,True,
I9779E60E,5,5,True,39,1,20.0,dropped,False,False,False,
P000168,5,5,False,0,,,dropped,False,False,True,
I8961718B,5,5,True,348,0,0.0,dropped,True,False,False,
P000101,5,5,False,0,,,dropped,False,False,True,
I786395B4,5,5,True,338,0,0.0,dropped,True,False,False,
IFA88A536,6,1,True,148,0,0.0,dropped,True,False,False,merged count differs from raw
I85C28EDA,6,6,True,166,0,0.0,dropped,True,False,False,
P000114,6,6,False,0,,,dropped,False,False,True,
IBF8C5BB6,7,7,True,259,0,0.0,dropped,True,False,False,
P000204,7,7,False,0,,,dropped,False,False,True,
P000017,7,7,False,0,,,dropped,False,False,True,
P000253,7,7,False,0,,,dropped,False,False,True,
I74772DFF,7,4,True,249,4,57.1,dropped,False,False,False,merged count differs from raw
P000089,7,7,False,0,,,dropped,False,False,True,
P000177,8,8,False,0,,,dropped,False,False,True,
I1DCBD5CC,8,8,True,506,0,0.0,dropped,True,False,False,
I6EFF9668,8,5,True,124,2,25.0,dropped,False,False,False,merged count differs from raw
P000172,8,8,False,0,,,dropped,False,False,True,
P000254,8,8,False,0,,,dropped,False,False,True,
P000066,9,9,False,0,,,dropped,False,False,True,
IE2421BEA,10,8,True,647,0,0.0,dropped,True,False,False,merged count differs from raw
IAA85B9B5,13,4,True,13,2,15.4,dropped,False,False,False,merged count differs from raw
I069801F1,13,6,True,88,0,0.0,dropped,True,False,False,merged count differs from raw
I62D7430C,58,9,True,10,0,0.0,dropped,True,False,False,merged count differs from raw
