rank,pecha_id,split,text_chars,n_tsawa,tsawa_chars,has_commentary,strict_runs_no_layer,strict_chars_no_layer,overlap_Author,overlap_BookTitle,overlap_Chapter,overlap_Citation,overlap_Commentary,overlap_Sabche,overlap_Tsawa,strict_runs,strict_chars,strict_runs_in_quotation,strict_runs_in_commentary_verse,strict_runs_unexplained,loose_runs,loose_chars,loose_runs_in_quotation,loose_runs_in_commentary_verse,loose_runs_unexplained,overlap_BookNumber,overlap_Yigchung,overlap_Footnote,overlap_SubTitle,overlap_Quotation,strict_chars_per_tsawa_char,strict_runs_per_100k,ratio
1,P000115,dropped,717305,1,1688,False,311,126289,0.0,0.0,0.0,0.0,0.0,0.0,0,315,127815,4,0,311,236,132458,8,0,228,0.0,0.0,0.0,0.0,0.0,75.72,43.9,311.0
2,P000054,dropped,689458,3,565,False,606,141734,0.0,0.0,0.0,0.0,0.0,1.0,0,698,158474,91,0,607,720,166429,92,0,628,0.0,0.0,0.0,0.0,0.0,280.48,101.2,202.0
3,P000275,dropped,580644,3,428,False,582,212165,0.0,0.0,0.0,0.0,0.0,2.0,0,622,220225,0,0,622,588,268327,0,0,588,0.0,38.0,0.0,0.0,0.0,514.54,107.1,194.0
4,P000111,dropped,411816,1,150,False,163,24747,0.0,0.0,0.0,0.0,0.0,68.0,0,258,39905,27,0,231,277,43656,27,0,250,0.0,0.0,0.0,0.0,0.0,266.03,62.6,163.0
5,P000098,dropped,629352,4,620,False,299,65895,0.0,0.0,0.0,0.0,0.0,4.0,0,494,103061,191,0,303,520,111140,197,0,323,0.0,0.0,0.0,0.0,0.0,166.23,78.5,74.8
6,P000176,dropped,262016,1,151,False,62,29729,0.0,0.0,0.0,0.0,0.0,0.0,0,89,34160,27,0,62,108,37976,30,0,78,0.0,0.0,0.0,0.0,0.0,226.23,34.0,62.0
7,P000178,dropped,47274,1,62,False,60,9969,0.0,0.0,0.0,0.0,0.0,0.0,0,61,10072,1,0,60,63,10921,1,0,62,0.0,0.0,0.0,0.0,0.0,162.45,129.0,60.0
8,P000085,dropped,752850,3,392,False,158,27256,0.0,0.0,0.0,0.0,0.0,6.0,0,325,58954,161,0,164,371,69005,169,0,202,0.0,0.0,0.0,0.0,0.0,150.39,43.2,52.7
9,P000226,dropped,386581,2,266,False,96,14007,0.0,0.0,0.0,0.0,0.0,3.0,0,106,15752,7,0,99,137,22264,7,0,130,0.0,0.0,0.0,0.0,0.0,59.22,27.4,48.0
10,P000188,dropped,216193,3,385,False,106,46254,0.0,0.0,0.0,0.0,0.0,0.0,0,157,58557,51,0,106,154,62850,54,0,100,0.0,0.0,0.0,0.0,0.0,152.1,72.6,35.3
11,P000101,dropped,684161,5,1677,False,132,24126,0.0,0.0,0.0,0.0,0.0,9.0,0,303,67489,162,0,141,322,73124,169,0,153,0.0,0.0,0.0,0.0,0.0,40.24,44.3,26.4
12,P000230,dropped,361653,4,1408,False,51,12434,0.0,0.0,0.0,0.0,0.0,0.0,0,87,20978,36,0,51,124,27501,36,0,88,0.0,0.0,0.0,0.0,0.0,14.9,24.1,12.8
