pecha_id,split,n_tsawa,n_comm,tsawa_iso_pct,tsawa_ends_shad_pct,tsawa_median_clause_syl,tsawa_median_span_chars,comm_iso_pct,comm_median_clause_syl,comm_median_span_chars,examples,verdict
I454D2699,val,46,85,41.8,41.3,9.0,102.5,22.9,11.0,394.0,དེ་རྣམས་ཀྱིས་ཐུན་བཞིར་རྣལ་འབྱོར་དུ་བྱ་བའི་རིམ་པ་ལ། དང་པོར་ལེ་ལོ་བཟློག་ || མཉེས་བྱེད་མཎྜལ་བཟང་པོ་འདི་ཕུལ་བས། ། བྱང་ཆུབ་ལམ་ལ་བར་ཆད་མི་འབྱུང་ཞིང༌།  || དེ་ལྟར་སྒྲུབ་པ་ལ་ཡིད་གཞོལ་བ་དག་གིས་ངེས་དོན་ཕྱག་རྒྱ་ཆེན་པོ་དང་ཟབ་ལམ་ཆོས,MIXED
I0156A8B1,dropped,1,57,50.0,100.0,8.5,63.0,18.6,10.0,371.0,ན་མོ་གུ་རུ་ཤཱཀྱ་མུ་ན་ཡེ། ། གང་ཞིག་རྒྱལ་བའི་བསྟན་ལ་ཞུགས་འདོད་ན། || ན་མོ་གུ་རུ་ཤཱཀྱ་མུ་ན་ཡེ། ། གང་ཞིག་རྒྱལ་བའི་བསྟན་ལ་ཞུགས་འདོད་ན། || ན་མོ་གུ་རུ་ཤཱཀྱ་མུ་ན་ཡེ། ། གང་ཞིག་རྒྱལ་བའི་བསྟན་ལ་ཞུགས་འདོད་ན།,MIXED (few spans)
I23323023,train,207,208,30.2,5.3,13.0,109.0,27.6,12.0,219.0,ༀ་སྭ་སྟི || ༩༣ རྟོགས་པ་གཅིག་གིས་ས་ལམ་མ་ལུས་བགྲོད་པའི་རྟོགས་པ་དེ་གང་ལགས་ཞུས་པས || སྤྱི་ལོ་༢༠༢༡ ཟླ་བ་༡༡ ཚེས་༠༨། ཡོ་རོབ་ཝིའ་ན་མཐོ་སློབ,PROSE
I4B1806B4,val,69,482,38.8,89.9,12.0,194.0,16.9,12.0,295.5,མཚུངས་མེད་ཐུགས་རྗེའི་མངའ་བདག་དྲིན་ཅན་རྩ་བའི་བླ་མ་ལ་ཕྱག་འཚལ་ལོ། || དེའི་ཕྱིར་ཐུན་གྱི་ངོ་བོའི་སྒོམ་དང་ཐུན་མཚམས་སྤྱོད་ལམ་གྱི་དུས་ཀྱི་སྒོམ་ས || འདི་ལྟ་བུའི་མན་ངག་གསེར་གྱི་ཡང་ཞུན། སྙིང་གི་ཐིག་ལེ་ལྟ་བུ་འདི་ཉམས་སུ་མི་,PROSE
I069801F1,dropped,13,88,12.0,84.6,8.0,33.0,14.2,16.0,443.5,༡ བྱམས་དང་སྙིང་རྗེའི་རྟ་ཕོ་ལ། || མ་མཁའ་འགྲོའི་འཁོར་ཚོགས་མི་འདུ་བས། || གློག་ཀླད་དུ་འཇུག་ཅིང་འཕྲུལ་དེབ་སྒྲིག་པ་པོ་འབྲི་བན་དཀོན་མཆོག་བརྟན་འཕེལ།,PROSE
IC3A7006F,dropped,2,198,0.0,50.0,6.0,54.5,98.2,9.0,341.0,འབྲི་བན་དཀོན་མཆོག་བརྟན་འཕེལ་གྱིས་འཕྲུལ་དེབ་ཏུ་བསྒྲིགས་པའོ། || སྤྱི་ལོ་༢༠༢༡ ཟླ་བ་༡༡ ཚེས་༠༨། ཡོ་རོབ་ཝིའ་ན་མཐོ་སློབ || སྤྱི་ལོ་༢༠༢༡ ཟླ་བ་༡༡ ཚེས་༠༨། ཡོ་རོབ་ཝིའ་ན་མཐོ་སློབ,PROSE (few spans)
IA3DD1ADA,dropped,1,49,0.0,0.0,2.0,15.0,18.7,10.0,203.0,མངྒ་ལཾ། བྷ་ཝནྟུ || མངྒ་ལཾ། བྷ་ཝནྟུ || མངྒ་ལཾ། བྷ་ཝནྟུ,PROSE (few spans)
I6D11E414,train,807,834,86.7,87.4,7.0,27.0,24.2,11.0,243.0,དཔལ་ལྡན་རྡོ་རྗེ་སེམས་དཔའི་གནས་ཐོབ་རྒྱུར་གྱུར་པ། || དེ་བསྟེན་པ་ནི་དྲི་མེད་རྒྱུད་མང་ལས་གསུངས་པ། || དེས་ནི་འགྲོ་ཀུན་མྱུར་དུ་རྒྱལ་གྱུར་ཅིག,VERSE
IEF3A4022,train,548,849,98.8,98.0,7.0,108.0,23.6,13.0,287.0,གང་གིས་རྟེན་ཅིང་འབྲེལ་པར་འབྱུང༌། || ངག་དང་བསྐྱོད་དང་མི་སྤོང་བའི། ། རྣམ་རིག་བྱེད་མིན་ཞེས་བྱ་གང༌། ། སྤོང་བའི || ཡང་ན་དངོས་པོ་ཐམས་ཅད་དག ། སྟོང་ཕྱིར་རྟག་ལ་སོགས་ལྟ་བ། ། གང་དག་གང་དུ་གང་ལ,VERSE
I920AA7AC,train,418,378,90.5,93.8,7.0,121.0,13.5,15.0,502.0,ཇི་ལྟ་ཇི་སྙེད་མཁྱེན་པའི་ཡེ་ཤེས་ཆགས་ཐོགས་དྲི་མ་མེད་པ་ཡིས། ། ཆོས་ཚུལ་རྒྱ || སྣ་ཚོགས་དམ་ཆོས་འོད་ཟེར་མངའ་བའི་སྐུས། ། འགྲོ་བའི་རྣམ་གྲོལ་དོན་སྒྲུབ་ལ་བ || བཤད་སྒྲུབ་བྱིན་རླབས་རྒྱུན་བཟང་ལེགས་བྱས་གཞིར། ། གཅིག་ཏུ་འཁྱིལ་ལས་ལེགས་བ,VERSE
I98D03292,train,373,458,96.3,98.1,7.0,118.0,12.8,16.0,543.0,རྒྱུད་ཅེས་བྱ་བ་འབྲེལ་བའི་དོན། ། འབྲེལ་པ་ལ་ཡང་རྣམ་གསུམ་སྟེ། ། གཞི་དང་རང || ཕྱི་ནང་རླུང་མིང་བྱེད་ལས་ཀུན། ། རྒྱལ་བས་མདོ་རྒྱུད་ལས་གསུངས་པ། ། འདིར་ནི || ཟླ་མེད་སྟོན་པ་མཆོག་དེའི་བསྟན་པ་ལ། ། འཕགས་པའི་ཡུལ་གྱི་ཤིང་རྟ་མཆོག་གཉིས་,VERSE
IF428CDDB,train,353,457,95.4,97.5,7.0,120.0,11.8,16.0,541.0,ཀླུ་སྒྲུབ་ཙཱ་རྱ་ལྭ་བ་པ། ། སྐལ་བ་བཟང་མོ་ང་ཡི་ནི། ། བཀའ་བབས་བཞི་ཡི་བླ་མ་ || དེ་བརྟེན་སྙིགས་ཀྱང་དྭངས་སྙིགས་གཉིས། ། དམར་ཆ་མེས་བསྐྱེད་གྱེན་འགྲོ་ལ། །  || འཇམ༵་མགོ༵ན་ཆོ༵ས་ཀྱི༵་སེངྒེ༵འི་ཐུགས་བསྐྱེད་ཀྱི། ། ལྷ་ལམ་ཡངས་པོར་ཤར་བའི་,VERSE
I100E7DAD,train,325,682,97.8,96.6,7.0,120.0,27.8,8.0,226.5,མེ་ཏོག་ཟླ་མཛེས་པད་མའི་བླ་མ་ནི། ། ཐུབ་པའི་སྤྱན་སྔར་ཟླ་འོད་གཞོན་ནུར་གྱུར || སྦྱིན་པ་མི་མཐུན་ཕྱོགས་ཉམས་དང༌། ། རྣམ་པར་མི་རྟོག་ཡེ་ཤེས་ལྡན། ། འདོད་པ་ཐ || འཇམ༵་མགོ༵ན་ཆོ༵ས་ཀྱི༵་སེངྒེ༵འི་ཐུགས་བསྐྱེད་ཀྱི། ། ལྷ་ལམ་ཡངས་པོར་ཤར་བའི་,VERSE
IFE0B60AA,train,280,2,94.3,97.5,7.0,116.0,33.3,7.0,60.0,ༀ་སྭསྟི། ཚེ་འདིའི་རྣམ་རྟོག་སླུ་བྱེད་གཤེད་མ་སྡུག་བསྔལ་རྒྱ་མཚོ་རྣམས།། བད || ཤ་དང་རུས་པའི་ཚོགས་རྣམས་ནི།། དུར་ཁྲོད་ཆེན་པོའི་གནས་བརྒྱད་མཆོག ། དཔའ་བོ་ || ཙིན་དྷ་མ་ཎི་རིན་པོ་ཆེ་འབར་བའི་ཕྲེང་བ་རྫོགས་སོ།། །,VERSE
IC5CE7FE9,train,247,320,79.4,89.1,7.0,124.0,18.2,13.0,686.5,རྙིང་མ་བཀའ་གདམས་ལམ་འབྲས་བཀའ་བརྒྱུད་པ། ། ཤངས་པ་ཞི་བྱེད་སྦྱོར་དྲུག་བསྙེན || དེ་ཁོ་ན་ཉིད་ཀྱི་ལེའུ་སྟེ་ལྔ་པའོ། || ཀྱེའི་རྡོ་རྗེ་མཁའ་འགྲོ་མའི་དྲྭ་བའི་སྡོམ་པའི་ལས། རྡོ་རྗེ་སྙིང་པོ་མངོན་པ,VERSE
I8994AAB2,train,243,315,87.4,92.2,7.0,213.0,18.2,12.0,614.0,༈ ཆོས་ཀུན་འབྱུང་གནས་བདག་མེད་ཨེ་དབྱིངས་སུ། ། བདེ་ཆེན་རྟག་པའི་རྡོ་རྗེ་ཝཾ || དེ་ནས་རྣལ་འབྱོར་མ་བདག་མེད་མ་ལ་སོགས་པའི་ལྷ་མོ་ཐམས་ཅད་ལ་འདི་ལྟ་སྟེ། སྤྱན || འཇམ༵་མགོໆན་ཆོ༵ས་ཀྱི༵་སེངྒེ༵འི་ཐུགས་བསྐྱེད་ཀྱི། ། ལྷ་ལམ་ཡངས་པོར་ཤར་བའི་,VERSE
IB8F4E5BE,train,228,2332,97.0,87.7,9.0,38.0,16.0,13.0,341.0,དཔལ་རྡོ་རྗེ་མཁའ་འགྲོ་ལ་ཕྱག་འཚལ་ལོ། || འགྲོ་བ་སྐལ་ལྡན་སྙིང་ལ་གནས་པར་ཤོག || འགྲོ་བ་སྐལ་ལྡན་སྙིང་ལ་གནས་པར་ཤོག,VERSE
I9B6A4525,test,203,621,90.3,94.1,9.0,36.0,21.2,11.0,273.0,ཕྱོགས་དུས་རྒྱལ་བ་ཀུན་ཀྱི་བསྟན་པ་གཅིག། || སེམས་ཙམ་པ་ནི་ས་བདུན་མངོན་རྟོགས་ཡིན། || མདོ་སྔགས་གཞུང་ལུགས་མཐའ་དག་ལྟ་བའི་མིག།། གཟུར་གནས་མཁས་པས་མཐོང་ཚེ་ངོ་མཚར་,VERSE
I2133CA39,train,197,530,95.5,95.4,7.0,123.0,21.5,10.0,288.5,རྙིང་མ་བཀའ་གདམས་ལམ་འབྲས་བཀའ་བརྒྱུད་པ། ། ཤངས་པ་ཞི་བྱེད་སྦྱོར་དྲུག་བསྙེན || ཨེ་ཡིག་མཁའ་ཁམས་དབུས་སུ་ནི། ། སངས་རྒྱས་ཀུན་གྱི་བདེ་བ་ལེན། ། ཝྃ་ཡིག་རྡོ་ || འཇམ༵་མགོໆན་ཆོ༵ས་ཀྱི༵་སེངྒེ༵འི་ཐུགས་བསྐྱེད་ཀྱི། ། ལྷ་ལམ་ཡངས་པོར་ཤར་བའི་,VERSE
IC05A6BE0,test,166,343,100.0,95.8,9.0,39.0,10.8,15.0,200.0,སྟོབས་བཅུའི་དབང་ཕྱུག་ཤཱཀྱ་སེང་གེ་ལ་ཕྱག་འཚལ་ལོ། || ༡༧ ཆོས་ཀྱི་བདག་མེད་ས་བརྒྱད་མངོན་དུ་བྱས། || རྣམ་དག་གངས་རི་ལྟར་དཀར་དགེ་བ་འདིས།། རིན་ཆེན་བསྟན་པ་ཕྱོགས་བཅུར་རྒྱས་པ་དང,VERSE
I058DD999,train,147,308,87.3,57.8,9.0,146.0,50.9,9.0,346.5,ཀྱེ་མ་བདག་ལ་སྐྱེ་གནས་བར་དོ་འཆར་དུས་འདིར༔ ཚེ་ལ་ལོང་མེད་ལེ་ལོ་སྤངས་བྱས་ན || ༈ བླ་མེད་བྱང་ཆུབ་རྩ་བ་སྙིང་རྗེའི་ལམ། ། མཐའ་ཡས་རྣམ་མང་ཐབས་ཀྱིས་སྐལ་བཟང་ || དམ་པ་རྣམས་ཀྱི་ལེགས་བཤད་རྒྱུན་འཛིན་ཅིང༌། ། དེ་དག་འཆད་དང་ཀློག་སྤེལ་ལས་བར,VERSE
I0FCFA88F,test,146,268,97.7,90.4,9.0,210.0,27.3,10.0,431.0,རྣམ་དག་ཡེ་ཤེས་འཁོར་ལོས་མ་དག་པའི། ། སྣང་ཞེན་གཅོད་མཛད་རྩ་གསུམ་རྒྱལ་བའི་ལ || རིན་ཆེན་སེམས་ལས་ཕྱིར་གྱུར་པའི། ། སངས་རྒྱས་མེད་ཅིང་སེམས་ཅན་མེད། || འཇམ༵་མགོໆན་ཆོ༵ས་ཀྱི༵་སེངྒེ༵འི་ཐུགས་བསྐྱེད་ཀྱི། ། ལྷ་ལམ་ཡངས་པོར་ཤར་བའི་,VERSE
IBFACCCDF,train,128,245,99.2,97.7,9.0,147.0,19.7,12.0,358.0,ཡོན་ཏན་རང་བཞིན་དགེ་འོས་བདག་གིས་ན། ། བདེ་བར་གཤེགས་པའི་གསུང་བསྙད་ལས་བྱུང || དགེ་བའི་བཤེས་གཉེན་བརྟེན་པ་ཚངས་པར་སྤྱོད། ། ཡོངས་སུ་རྫོགས་པར་ཐུབ་པས་གསུང || ཉོན་མོངས་ཉམ་ཐག་སེམས་ཅན་ཚོགས་ཀྱི་འཇིགས་སྐྱེ་དང༌། ། འཆི་བ་ཞི་མཛད་རྒྱལ་བའ,VERSE
IA473D353,val,125,214,95.5,99.2,7.0,116.0,16.2,18.0,343.0,རྒྱ་གར་སྐད་དུ།  བོ་དྷི་པཐ་པྲ་དཱི་པཾ། བོད་སྐད་དུ། བྱང་ཆུབ་ལམ་གྱི་སྒྲོན་ || བདེ་བ་ཡིས་ནི་བྱང་ཆུབ་ཚོགས། ། ཡོངས་སུ་རྫོགས་པར་འདོད་པ་དང། ། བྱ་བ་སྤྱོད་ || ཞི་གནས་གྲུབ་པ་མ་ཡིན་པས། ། མངོན་ཤེས་འབྱུང་བར་མི་འགྱུར་ལ། ། དེ་ཕྱིར་ཞི་ག,VERSE
ICDC84458,test,101,596,92.5,99.0,7.0,112.0,18.6,16.0,635.0,སྐྱེས་བུ་རྣམས་ནི་གདུལ་དོན་དུ། ། རྣལ་འབྱོར་རྒྱུད་ནི་རབ་ཏུ་བསྟན། ། བཙུན་ || གར་དང་རོལ་མོ་བྱེད་པ་དང༌། || གལ་ཏེ་ཉམས་ན་བཤག་བྱ་སྟེ། ། དབང་བསྐུར་སྦྱིན་སྲེག་གསང་སྔགས་དང༌། ། མཎྜལ་གཏ,VERSE
IB047F8C7,train,79,457,95.0,88.6,9.0,73.0,21.4,12.0,468.0,རྒྱ་གར་སྐད་དུ། མཧཱ་མུ་དྲ་ཨུ་པ་དེ་ཤ།། བོད་སྐད་དུ། ཕྱག་རྒྱ་ཆེན་པོའི་མན་ང || ལུས་ཀྱི་བྱ་བ་ཡོངས་ཐོངས་རྣལ་འབྱོར་དལ་བར་སྡོད། || ཕྱག་རྒྱ་ཆེན་པོ་གནད་ཀྱི་མན་ངག་འདི། ། འགྲོ་བ་སྐལ་ལྡན་སྙིང་ལ་གནས་པར་ཤོག,VERSE
I8B49E87B,val,71,407,83.0,71.8,7.0,28.0,37.0,9.0,432.0,ཐོས་བསམ་ལག་རྗེས་རིས་མེད་བསྟན་པ་དང༌། ། བསྟན་འཛིན་ཀུན་ལ་བཅོས་མིན་དད་པ་སྐ || གཞན་ཕྱོགས་གང་ཡང་མི་བསམ་མོ། || སྔོན་སྦྱངས་ལས་ཀྱི་འཕྲོ་སད་པས། ། རང་གི་མོས་པ་མང་བའི་རྒྱུས། ། སྡུག་བསྔལ་,VERSE
IA2F1ACFA,train,66,550,92.1,95.5,9.0,149.5,31.5,8.0,187.5,ན་མོ་གུ་ར་ཝེ། ཞེས་པ་བསྒྱུར་ན། བླ་མ་ལ་ཕྱག་འཚལ་ལོ། །ཞེས་པའོ། || དགེ་ཚུལ་སྡིག་ལྟ་མི་གཏོང་ལྷན་ཅིག་ཉལ། ། རུང་བའི་ཚོན་མིན་ཁ་དོག་ཅན་གོས་གྱོ || མདོ་སྔགས་ལམ་རྣམས་མུ་མེད་འགྲོ་བའི་ཕྱིར། ། ཚང་ལ་མ་ནོར་ལམ་འདི་རྒྱལ་བས་གསུ,VERSE
I2EAAF38A,val,65,217,93.2,96.9,7.0,115.0,35.1,11.0,259.0,རྒྱ་གར་སྐད་དུ། བོ་དྷི་པཐ་པྲ་དཱི་པཾ། བོད་སྐད་དུ། བྱང་ཆུབ་ལམ་གྱི་སྒྲོན་མ || གོམས་ན་སླ་བར་མི་འགྱུར་བའི། །  དངོས་དེ་གང་ཡང་ཡོད་མ་ཡིན། || རྒྱ་གར་གྱི་མཁན་པོ་དཱི་པཾ་ཀ་ར་ཤྲཱི་ཛྙཱ་ན་དང། བོད་ཀྱི་ལོ་ཙཱ་བ་དགེ་སློང་ད,VERSE
I9811592F,val,61,131,76.7,95.1,7.0,28.0,24.6,12.0,680.0,དང་པོ་སྔོན་འགྲོ་དག་ལ་བསླབ། || ཤག་ངན་མ་དགོད། || སྔོན་སྦྱངས་ལས་ཀྱི་འཕྲོ་སད་པས། ། རང་གི་མོས་པ་མང་བའི་རྒྱུས། ། སྡུག་བསྔལ་,VERSE
IAE1E11E5,train,60,407,91.7,91.7,9.0,107.0,24.3,11.0,279.0,རྒྱ་གར་སྐད་དུ། དོ་ཧ་ཀོ་ཥ་ནཱ་མ་མ་ཧཱ་མུ་དྲ་ཨུ་པ་དེ་ཤ ། བོད་སྐད་དུ། དོ་ཧ་ || གང་ཞིག་ནམ་མཁའི་ཁམས་ནི་ཡོངས་བཙལ་ཀྱང། ། མཐའ་དང་དབུས་མེད་མཐོོང་བ་ཡོངས་སུ་ || ཡིད་བཞིན་ནོར་བུ་དཔག་བསམ་ཤིང་བཞིན་དུ། ། སྨོན་ལམ་དབང་གིས་རེ་བ་ཡོངས་སྐོང་,VERSE
I62D7430C,dropped,58,10,93.0,8.6,7.0,118.0,9.5,9.5,1492.0,བདག་གིས་བྱང་ཆུབ་སྤྱོད་པ་ལ། ། འཇུག་པ་རྣམ་པར་བརྩམས་པ་ཡི། ། དགེ་བ་གང་དེས་ || འཇིག་རྟེན་བུད་མེད་ཇི་སྙེད་པ། ། དེ་དག་སྐྱེས་པ་ཉིད་གྱུར་ཅིག ། མ་རབས་རྣམས || གང་གི་དྲིན་གྱིས་དགེ་བློ་བྱུང༌། ། འཇམ་པའི་དབྱངས་ལ་ཕྱག་འཚལ་ལོ། ། གང་གི་ད,VERSE
I587B7DED,train,46,54,77.8,84.8,7.0,113.0,17.9,10.0,222.0,འདི་ན་སྐྱེས་པ་མེད་ཅིང་བུད་མེད་མེད། ། བདག་མེད་གང་ཟག་མེད་ཅིང་རྣམ་རིག་མེད || ཕྲ་ཕྱིར་ཐོས་པའི་ཡུལ་མིན་ཏེ། ། དོན་དམ་ཡིན་ཕྱིར་བསམ་བྱའི་མིན། ། ཆོས་ཉིད་ || གང་གིས་དངོས་གཅིག་དེ་བཞིན་ཉིད་མཐོང་བས། ། དེ་ཡིས་དངོས་ཀུན་དེ་བཞིན་ཉིད་དུ,VERSE
I40E5024E,train,45,136,97.8,42.2,9.0,153.0,11.1,19.5,938.5,རང་རྒྱུད་ལེགས་པར་དུལ་ཅིང་ངེས་འབྱུང་དང་། ། ཐར་འདོད་བསམ་པས་ཞེན་ཁྲིས་ཀུན་ || སྲིད་ཞིའི་མཐའ་བྲལ་དོན་གཉིས་འབྲས་ཐོབ་པའི། || ངེས་དོན་ཕྱག་རྒྱ་ཆེན་པོའི་སྨོན་ལམ་ཞེས་བྱ་བ་རྗེ་རང་བྱུང་རྡོ་རྗེས་མཛད་པའོ,VERSE
I7D476A8B,train,39,222,94.7,87.2,9.0,115.0,22.6,11.0,683.0,ཡོན་ཏན་དུ་མའི་ནོར་གྱིས་བརྗིད་པ་ཡི། ། བརྒྱུད་པ་གསུམ་གྱི་བླ་མ་ལ་བཏུད་ནས། || གཞན་དག་ཤི་བ་མང་དུ་བསམ། || ཇི་སྲིད་སེམས་ལས་རྣམ་འཕྲོས་པ། ། དེ་སྲིད་མགོན་པའི་རང་བཞིན་ཏེ།,VERSE
I575514A8,test,33,108,96.6,87.9,9.0,77.0,41.6,8.0,195.0,ཐོས་བསམ་དོན་ཉིད་སྒོམ་པས་ཉམས་སུ་བླངས། ། ཞིང་པ་ལོ་ཏོག་ལེགས་ཀྱང་སྤྱད་དགོས || གདམས་ངག་ལུགས་སུ་གཡོ་ཐོབ་གོམས་དང་བརྟན། ། མཐར་ཕྱིན་ཉམས་ལྔ་དཔེ་ཡིས་མཚོན་ཏ || ཐོག་མར་བྱིས་པ་ཉེར་སྤྱོད་བསམ་གཏན་གྱིས། ། དུ་སོགས་རྟགས་མཐོང་དོན་རབ་འབྱེད,VERSE
I88977D82,train,32,316,92.7,3.1,7.0,189.0,21.4,12.0,457.5,ཡོ་ག་གསུམ་གྱི་སྒྲུབ་ཐབས་སྲོག་ཕུར་བཅས༔  མཐར་ཐུག་ལྟ་སྒོམ་སྤྱོད་འབྲས་ཁྲིད || དུང་སེམས་ང་དང་མི་འབྲལ་ཞིང༔  གསོལ་འདེབས་སྨྲེ་སྔགས་ཚིག་གིས་བསྐུལ༔ མོས་པའ || ཁྱད་པར་ངའི་གཏེར་ཆོས་ཟབ་མོ་དང༔  འཕྲད་དང་འབྲེལ་ཚད་སྦྱངས་པ་སྔོན་སོང་ཡིན༔ ,VERSE
IBC775AF6,train,28,636,98.6,78.6,9.0,160.5,24.0,8.0,29.0,མཐར་ཕྱིན་རྫོགས་སྨིན་སྦྱངས་གསུམ་ལས་འཁྲུངས་ཤིང༌། ། ངེས་པ་ལྔ་ལྡན་གཟུགས་སྐ || མཚམས་དང་སྒྲུབ་པ་མཐའ་རུ་མ་ཕྱིན་བར། || འཁོར་བ་དོང་སྤྲུགས་ཕྲིན་ལས་ཡོངས་རྫོགས་ཤོག,VERSE
IDDA7F69E,train,27,283,95.0,100.0,9.0,155.0,32.7,10.0,1027.0,དམིགས་མེད་ཐུགས་རྗེ་མཁའ་ལྟར་དག་པ་ཡི། ། ཕྲིན་ལས་མཆོག་གིས་འགྲོ་བའི་དཔལ་གྱ || བླ་མ་གྲུབ་ཐོབ་མང་བསྟེན་མཉེས་པར་མཛད། ། ཐུགས་དགོངས་ལོན་ཅིང་ཐུགས་ཡིད་གཅིག || བྱ་ཡི་ལོ་ལ་གཡུ་རིའི་ནགས་ཁྲོད་དུ། ། བླ་མའི་རྣམ་ཐར་རྒྱ་མཚོ་ལྟ་བུ་ལས། ། བ,VERSE
I27E347E9,train,25,463,99.1,96.0,7.0,93.0,23.4,11.0,498.0,ཤིན་ཏུ་གསང་བ་རྒྱ་ཆེའི་རྒྱུད་དོན་གང༌། ། རྡོ་རྗེ་འཛིན་པས་བཀའ་ཡིས་གནང་བ་ད || ནངས་པར་སྔར་ལངས་སེམས་དག་ཉིད། ། ལུས་ལ་ཐམས་ཅད་བྱས་ནས་ནི། ། ཡན་ལག་ལས་འདས་མ || རྒྱུད་ཀུན་གྱི་ནི་ཐུན་མོང་སྟེ། ། རྒྱུ་མེད་པར་ནི་རྣམས་མི་བྱ། ། གསང་བ་འདི,VERSE
I9779A606,train,18,836,93.0,77.8,9.0,88.0,21.9,8.0,7.0,བདེ་བ་འདོད་ཀྱང་གཏི་མུག་པས། ། རང་གི་བདེ་བ་དགྲ་ལྟར་འཇོམས། || རྗེ་བཙུན་རས་པ་ཆེན་པོ་དང༌། || སྔོན་བྱོན་དམ་པའི་མན་ངག་ཞལ་ཤེས་རྒྱུན། ། ཡི་གེར་བཀོད་པས་གསང་བ་བསྒྲགས་པ་ད,VERSE
I4FABF1F8,train,11,302,100.0,100.0,9.0,146.0,19.0,14.0,487.5,མི་གཞི་ངན་པའི་ཟོལ་སྦྱོར་ཐ་གུས་ལྕེས། ། བླ་མ་སྤོས་ཀྱི་གླང་པོ་ལྟར་བསྙེན་ན || ༈ འཁོར་བའི་བྱ་བཞག་སྙིང་པོ་མེད་པར་དགོངས། ། སྙིང་རྗེ་ཆེན་པོས་གཞན་དོན་འབའ || འཁྲུགས་པ་མེད་པའི་བཏང་སྙོམས་ཆར་སྤྲིན་བཞིན།,VERSE
IE2421BEA,dropped,10,647,94.2,60.0,7.0,137.0,23.7,10.0,270.0,སྔོན་འགྲོ་བྱ་བའི་རིམ་པ་དང་། ། ཐ་སྙད་རྣམ་གྲངས་བསྟན་པ་དང་། ། བསྟན་པའི་རྩ || འཛམ་གླིང་ཤར་གྱི་ཕྱོགས་མཚམས་ཀྱི༔ མི་ལས་སྐལ་ལྡན་རིགས་ཅན་ཏེ༔ རྒྱལ་པོ་ཛ་ཞེ || དེ་ནས་ཟླ་བའི་འཕོ་བ་བཤད། །ཅེས་སོ།,VERSE
I1DCBD5CC,dropped,8,506,95.8,87.5,9.0,105.5,22.5,12.0,253.5,འོད་གསལ་བྱས་མིན་དབྱེར་མེད་པར། ། འཇུག་ཅན་གང་གཱའི་ཀླུང་གི་ནི། ། རྡུལ་ལས་ || སེམས་ཀྱི་རང་བཞིན་འོད་གསལ་གང་ཡིན་པ། ། དེ་ནི་ནམ་མཁའ་བཞིན་དུ་འགྱུར་མེད་དེ || སེམས་ཀྱི་རང་བཞིན་འོད་གསལ་གང་ཡིན་པ། ། དེ་ནི་ནམ་མཁའ་བཞིན་དུ་འགྱུར་མེད་དེ,VERSE
IBF8C5BB6,dropped,7,259,91.7,100.0,11.0,44.0,36.0,9.0,310.0,ཨོཾ་འཇིག་རྟེན་མགོན་པོ་ལ་ཕྱག་འཚལ་ལོ། || ཐུབ་པའི་མཁྱེན་མཆོག་མཚོ་ཆེན་ཕ་རོལ་ཕྱིན་པ་པོ། || གང་ཞིག་རྟག་ཏུ་ཐོ་རངས་ལངས་ནས་གུས་པ་ཡིས། ། སྤྱན་རས་གཟིགས་ཀྱི་དབང་པོ་ཡིད་,VERSE
I85C28EDA,dropped,6,166,94.0,66.7,7.0,326.5,23.3,11.0,535.5,གང་ཞིག་མཐུ་དབང་སྟོབས་ཀྱི་དཔལ། ། མཆོག་གྲུབ་སྲིད་གསུམ་འཇོམས་པའི་ལྷ། ། ནག || དཔལ་ལྡན་མགོན་པོ་ནག་པོ་དང༌། ། ལྷ་མོ་ནག་མོ་གཉིས་སུ་མེད། || འཇམ༵་མགོໆན་ཆོ༵ས་ཀྱི༵་སེངྒེ༵འི་ཐུགས་བསྐྱེད་ཀྱི། ། ལྷ་ལམ་ཡངས་པོར་ཤར་བའི་,VERSE
IFA88A536,dropped,6,148,87.5,100.0,8.5,139.0,42.9,9.0,707.5,ན་མོ་གུ་རུ་ཨཱརྻ་ཏཱ་ར་ཡཻ། ག་བུར་ཉིང་ཁུས་བྱུགས་པའི་མཚན་དཔེ་ནི། ། བདུད་རྩ || གདམས་ངག་ཆུ་བོ་གཅིག་ཏུ་བསྡུས་ནས་འཆད། ། དེ་ལ་སློབ་དཔོན་ངག་གི་དབང་ཕྱུག་གྲ || དེ་བས་མྱུར་དུ་ཐབས་མང་པོས། ། འཆི་བ་བསླུ་བ་ཀུན་ཏུ་སྦྱང༌། ། གང་ཕྱིར་རིག་པ,VERSE
I786395B4,dropped,5,338,92.9,20.0,9.0,122.0,30.9,14.0,54.0,ཨོཾ་གུ་རུ་བུདྡྷ་བོ་དྷི་སཏྭེ་བྷྱོ་ན་མོ་ན་མ || སྟོང་ཉིད་དབྱེ་བ་ཁྱད་འཕགས་བྲི། || སངས་རྒྱས་སྐུ་གཅིག་བརྙེས་པའི་བྱིན་རླབས་དང༌། ། སངས་རྒྱས་སྐུ་གཉིས་བརྙེས་པ,VERSE
I8961718B,dropped,5,348,100.0,100.0,9.0,155.0,23.1,12.0,479.0,༈ ཤེས་རབ་ཆེན་པོས་མྱང་འདས་མངོན་དུ་མཛད། ། སྙིང་རྗེ་ཆེན་པོས་འཁོར་བ་དང་དུ་ || ༈ ཀུན་རྫོབ་རྫུན་པར་ཤེས་ཀྱང་ཚོགས་གཉིས་གསོག །  དོན་དམ་སྒོམ་མེད་རྟོགས་ཀྱང || ༈ རྨོངས་པའི་འགྲོ་ལ་ཐུགས་རྗེ་ལྷག་པར་འཇུག ། སྡིག་པོ་ཆེ་ལ་རྗེས་སུ་ལྷག་པར་,VERSE
I88DA3111,dropped,4,43,87.5,100.0,7.0,91.0,15.0,8.0,33.0,བདག་སེམས་དབྱིངས་སུ་ཞུགས་པའི་ཚེ། ། གསལ་ཞིང་རབ་དགའ་མཁའ་འདྲ་རྟོགས། || འཆི་བར་གྱུར་པའི་དུས་བྱུང་ན། ། རིམས་ལ་སོགས་པས་མ་ཕོག་པར། ། འཕོ་བའི་སྦྱོར || ཚིག་དགུ་ལས་ནི་ཡར་གཏོད་ན། ། མདོ་ལས་འཕོ་བ་ཞེས་བྱའོ། ། ཉིན་རེ་བྲམ་ཟེ་གསོད,VERSE (few spans)
I849C345E,dropped,3,185,100.0,66.7,9.0,311.0,44.0,9.0,773.0,རབ་འབྱམས་རྒྱལ་བའི་སྤྱི་གཟུགས་བླ་མ་དང༌། ། དབྱེར་མེད་དཔལ་ལྡན་ཡེ་ཤེས་མགོན || བསམ་དོན་མྱུར་དུ་འགྲུབ་མཛད་ནོར་བུའི་རྒྱལ། ། སྙིང་རྗེའི་སྤྱན་རས་འགྲོ་ལ་བ || གསོལ་བ་བཏབ་པ་ཙམ་གྱིས་བྱིན་གྱིས་རློབས། ། མཆོད་གཏོར་ཕུལ་བས་དངོས་གྲུབ་ཐོག,VERSE (few spans)
I88CF073C,dropped,3,102,78.8,66.7,9.0,1816.0,21.7,13.0,1569.5,རིགས་ཀུན་ཁྱབ་བདག་དང་པོའི་སངས་རྒྱས་མཆོག ། དཔལ་ལྡན་བླ་མ་འབྲལ་མེད་སྙིང་དབ || དཔལ་དང་པོའི་སངས་རྒྱས་འཁོར་ལོའི་མགོན། ། མགོན་རྡོ་རྗེ་འཆང་ཆེན་མི་ཡི་གཟུག || མཁའ་ཁྱབ་ནམ་མཁའི་རྡོ་རྗེ་ཆོས་སྐུ་ཡི་བླ་མ། ། ཁ་སྦྱོར་བདེ་བ་ཆེན་པོ་ལོངས་ས,VERSE (few spans)
I2FCD4B1D,dropped,2,408,80.0,100.0,9.0,171.5,45.8,7.0,753.5,ལྷ་རྣམས་དོན་མཛད་འདུལ་བའི་དུས་གཟིགས་ནས། ། ལྷ་ལས་བབས་ནས་གླང་ཆེན་ལྟར་གཤེག || འཇིག་རྟེན་ཆོས་དང་མཐུན་པར་བསྟན་པ་དང༌། ། ཁ་ན་མ་ཐོ་སྤང་ཕྱིར་བཙུན་མོ་ཡི། ། || འཇིག་རྟེན་ཆོས་དང་མཐུན་པར་བསྟན་པ་དང༌། ། ཁ་ན་མ་ཐོ་སྤང་ཕྱིར་བཙུན་མོ་ཡི། །,VERSE (few spans)
ICC9840B6,dropped,2,409,100.0,100.0,7.0,120.0,21.8,13.0,679.0,དེ་བཞིན་ཉིད་ནི་ཐམས་ཅད་ལ། ། ཁྱད་པར་མེད་ཀྱང་དག་གྱུར་པ། ། དེ་བཞིན་གཤེགས་ཉ || རྫོགས་སངས་སྐུ་ནི་འཕྲོ་ཕྱིར་དང༌། ། དེ་བཞིན་ཉིད་དབྱེར་མེད་ཕྱིར་དང༌། ། རི || རྫོགས་སངས་སྐུ་ནི་འཕྲོ་ཕྱིར་དང༌། ། དེ་བཞིན་ཉིད་དབྱེར་མེད་ཕྱིར་དང༌། ། རི,VERSE (few spans)
I0B81CD66,dropped,1,786,100.0,100.0,7.0,115.0,38.8,8.0,187.0,འཕགས་པས་ན་དང་འཆི་བ་དང་། ། རྒ་བའི་སྡུག་བསྔལ་བརྩད་ནས་སྤངས། ། ལས་དང་ཉོན་མ || འཕགས་པས་ན་དང་འཆི་བ་དང་། ། རྒ་བའི་སྡུག་བསྔལ་བརྩད་ནས་སྤངས། ། ལས་དང་ཉོན་མ || འཕགས་པས་ན་དང་འཆི་བ་དང་། ། རྒ་བའི་སྡུག་བསྔལ་བརྩད་ནས་སྤངས། ། ལས་དང་ཉོན་མ,VERSE (few spans)
I51B9FE5F,dropped,1,340,100.0,100.0,7.0,145.0,32.4,9.0,122.0,སངས་རྒྱས་ཡོན་ཏན་བསམ་མི་ཁྱབ། ། དམ་པའི་ཆོས་ཀྱང་བསམ་མི་ཁྱབ། ། འཕགས་པའི་དག || སངས་རྒྱས་ཡོན་ཏན་བསམ་མི་ཁྱབ། ། དམ་པའི་ཆོས་ཀྱང་བསམ་མི་ཁྱབ། ། འཕགས་པའི་དག || སངས་རྒྱས་ཡོན་ཏན་བསམ་མི་ཁྱབ། ། དམ་པའི་ཆོས་ཀྱང་བསམ་མི་ཁྱབ། ། འཕགས་པའི་དག,VERSE (few spans)
I85485484,dropped,1,22,100.0,0.0,9.0,160.0,81.7,9.0,158.0,དེ་ལྟར་མཐར་ཐུག་སངས་རྒྱས་ཐམས་ཅད་ཀྱི། ། སྐུ་གསུང་ཐུགས་དང་ཡོན་ཏན་འཕྲིན་ལས || དེ་ལྟར་མཐར་ཐུག་སངས་རྒྱས་ཐམས་ཅད་ཀྱི། ། སྐུ་གསུང་ཐུགས་དང་ཡོན་ཏན་འཕྲིན་ལས || དེ་ལྟར་མཐར་ཐུག་སངས་རྒྱས་ཐམས་ཅད་ཀྱི། ། སྐུ་གསུང་ཐུགས་དང་ཡོན་ཏན་འཕྲིན་ལས,VERSE (few spans)
IB47565DE,dropped,1,599,100.0,100.0,7.0,104.0,38.3,9.0,162.0,གང་ཚེ་དངོས་དང་དངོས་མེད་པ། ། བླ་ཡི་མདུན་ན་མི་གནས་པ། ། དེ་ཚེ་རྣམ་པ་གཞན་མ || གང་ཚེ་དངོས་དང་དངོས་མེད་པ། ། བླ་ཡི་མདུན་ན་མི་གནས་པ། ། དེ་ཚེ་རྣམ་པ་གཞན་མ || གང་ཚེ་དངོས་དང་དངོས་མེད་པ། ། བླ་ཡི་མདུན་ན་མི་གནས་པ། ། དེ་ཚེ་རྣམ་པ་གཞན་མ,VERSE (few spans)
IF4C4BF01,dropped,1,584,100.0,100.0,7.0,118.0,22.6,11.0,370.5,དམ་པའི་དོན་དུ་འགྲོ་བ་ཡི། ། སྐྱབས་ནི་སངས་རྒྱས་ཉག་གཅིག་ཡིན། ། ཐུབ་པ་ཆོས་ || དམ་པའི་དོན་དུ་འགྲོ་བ་ཡི། ། སྐྱབས་ནི་སངས་རྒྱས་ཉག་གཅིག་ཡིན། ། ཐུབ་པ་ཆོས་ || དམ་པའི་དོན་དུ་འགྲོ་བ་ཡི། ། སྐྱབས་ནི་སངས་རྒྱས་ཉག་གཅིག་ཡིན། ། ཐུབ་པ་ཆོས་,VERSE (few spans)
