repo_id,batch,ann_id_a,ann_id_b,start_orig_a,end_orig_a,start_a,end_a,start_orig_b,end_orig_b,start_b,end_b,overlap_chars,text_a,text_b,context_before,context_after
IB522F095,new,b39d58e1c795491688bfffd23f1ff45b,003cf4ac58c94a59b59ff1b35fce9faa,157511,157515,157511,157518,157517,157526,157514,157527,4,དང་པོས་,པོས་མ་ཕོག་པར་,་པར་ངེས་པས་དེས་ན།།  བླ་མ་ལ་བརྙས་པའི་རྩ་བའི་ལྟུང་བ་,བྱས་ལ།།  དགོས་འདོད་འབྱུང་བའི་རིན་ཆེན་དབང་གི་རྒྱལ་པ
IB522F095,new,9097e576f2804dadaa2a9b8a88439b65,b6196022dcf84bc1a843ab1689c433e3,167879,167884,167879,167888,167886,167893,167882,167893,6,དེ་འདྲབས་,འདྲབས་ཀྱང་།,ོ།། རྩ་བ། ཡང་མོས་གུས་བཟང་པོ་བླ་མ་ལོངས་སྐུར་མཐོང་བ་,།  མཐར་ཐུག་ཆོས་སྐུ་མི་འཐོབ་སྟེ།།  ཐུབ་པ་ལོངས་སྤྱོད
IB522F095,new,733d195010ed406897d8dc5305b4140c,056324c7492a4112b4517480a49a3fb6,169790,169806,169790,169810,169809,169810,169804,169810,6,ཚད་དུ་ཕྱིན་ནས་མཆིའོ།,མཆིའོ།,ར་ཆེ།། མོས་གུས་ཀྱི་ཚད་དུ་སྐྱོལ་ལགས་ན།། རྟོགས་པ་ཡང་,། ཞེས་སོ།། གསུམ་པ། བློས་བྱས་ཀྱི་སྟོང་པ་ནི་ཤོ་ལོ་ཀ་
P000021,old,56cbe4905df24648938f0335aaccc712,2b2dbfb75023418eb08536e6ba99e183,190108,190373,190108,190379,190375,190408,190372,190408,7,དཀོན་མཆོག་མི་སྤང་༢དམ་ཚིག་རྣམས་ལ་སྤྱད། ། ༣རྡོ་རྗེ་དྲིལ་བུ་༤གླེགས་བམ་གཙུག་ཏུ་བཅངས། ། ༥སྦྱིན་སྲེག་༥དཀྱིལ་འཁོར་༧རབ་གནས་ལས་ལ་བརྩོན། ། ༨འབྱུང་པོར་གཏོར་མ་སྦྱིན་ཞིང་༩བཟླས་བསྒོམ་འབད། ། ༡༠སློབ་མར་ཆོས་བཤད་༡༡སེམས་ཅན་བྱམས་པས་བསྡུ། ། རྒྱལ་ལ་༡༢ཚོགས་གསོག་༡༣ཛམ་ལར་ཆུ་སྦྱིན་གཏང༌། ། ༡༤མཆོད་,༡༤མཆོད་རྟེན་སཱ་ཙྪ་དགེ་བའི་ལས་བྱའོ། །,་དང་པོ་པའི་བསྒྲུབ་བྱ་བཅུ་བཞིར་གསུངས་ཏེ། སྡོམ་ནི།༡ , ཞེས་སོ། །མངོན་བརྗོད་བླ་མར་རྒྱུན་གྱི་བྱ་བའི་སྤྱོད་
P000021,old,9dfab165680f467a978a302b75370e4b,983455619dbf411b9da120f3618aa310,224156,224702,224153,224706,224704,224705,224700,224706,6,ཚོགས་༡ཞིང་ལ་བཤགས་དྲལ་བའི་སྔགས་༢རྒྱས་སྦྱོང༌། ། ཕྱི་ནང་༣ཆུས་བཀྲུ་གཏུམ་མོས་༤ས་བོན་བསྲེག ། སྐྱེ་༥མེད་དོན་སྒོམ་ཕྱི་ནང་༦དབང་བཞི་ལེན། ། ཚོགས་༧སུ་ཞུ་དང་རྟེན་ལ་སྨྲེ་༨བཤགས་བརྗོད། ། མཎྜལ་༩སོགས་འབུལ་བདེ་གཤེགས་༡༠མཆོད་རྟེན་བཞེངས། ། ༡༡ཞི་བའི་མེས་སྦྱང་མཆོད་༡༢གཏོར་རྒྱ་ཆེན་གཏང༌། ། ལྷ་ཡི་༡༣སྔགས་བཟླ་ཟབ་མོའི་བསམ་གཏན་༡༤བསྒོམ། ། སེམས་ཅན་༡༥སྲོག་སྐྱབས་མདོ་རྒྱུད་༡༦གསུང་རབ་བཀླག ། བླ་མ་༡༧གཙུག་བསྟེན་ཟབ་མོའི་བདག་༡༨འཇུག་བྱ། ། བདེར་༡༩གཤེགས་ཡིག་བརྒྱ་དུས་བཟང་གཟུངས་༢༠སྔགས་བཟླ། ། ལྟུང་༢༡བཤགས་ལན་དྲུག་རྡོར་སེམས་༢༢བསྒོམ་བཟླས་བྱ། ། རྡོ་རྗེ་༢༣གསུམ་ལྡན་བླ་མའི་རྣལ་འབྱོར་དང༌། ། དཔྱིད་༢༤ཐིག་,༢༤ཐིག་,ྱ་བའི་རྣམ་གྲངས་ཉེར་ལྔ་སྙིང་པོ་རྒྱན་ལས་འབྱུང་བ་ནི། ,དང་ནི་ཕྲ་མོའི་༢༥རྣལ་འབྱོར་བསྒོམ། ། ཞེས་སོ། ། སྦྱིན
P000021,old,fa9121343dd9439fa4158e19dc4645ad,d008312213e141f29ed5dc94aa6fee3c,224726,224727,224726,224732,224729,224746,224726,224748,6,འབྱོར་,འབྱོར་བསྒོམ། ། ཞེས་སོ།,་རྣལ་འབྱོར་དང༌། ། དཔྱིད་༢༤ཐིག་དང་ནི་ཕྲ་མོའི་༢༥རྣལ་, ། སྦྱིན་སྲེག་བཟླས་བསྒོམ་ཚོགས་ཀྱི་འཁོར་ལོ་སོགས། ། 
P000117,old,47a02ba73c0841739c5a96d7c1fc7f7b,2ac9139cfdb2462684f8879cf45e5b4b,8918,9076,8918,9079,9078,9226,9074,9228,5,མེད་ལགས་པར་སེམས། ། འོན་ཀྱང་རྒྱལ་སྲས་སྤྱོད་པ་རླབས་ཆེན་རྣམས། ། བློ་དམན་བདག་འདྲས་གཏིང་དཔག་དཀའ་བའི་ཕྱིར། ། འགལ་དང་མ་འབྲེལ་ལ་སོགས་ཉེས་པའི་ཚོགས། ། དམ་པ་རྣམས་ཀྱིས་བཟོད་,བཟོད་པར་མཛད་དུ་གསོལ། ། དེ་ལས་བྱུང་བའི་དགེ་བས་འགྲོ་བ་ཀུན། ། དོན་དམ་ཀུན་རྫོབ་བྱང་ཆུབ་སེམས་མཆོག་གིས། ། སྲིད་དང་ཞི་བའི་མཐའ་ལ་མི་གནས་པའི། ། སྤྱན་རས་གཟིགས་མགོན་,འི་གསུང་ལ་བརྟེན་པའི་ཕྱིར། ། རྒྱལ་སྲས་ལག་ལེན་འཁྲུལ་,དེ་དང་མཚུངས་པར་ཤོག ཅེས་པ་འདི་རང་གཞན་ལ་ཕན་པའི་དོན་ད
P000144,old,f993f7fee11f4cd4a7050fb0f906d4b8,538790f97758487481cb1e0608234a3b,60904,61081,60904,61085,61083,61085,61080,61085,5, གསུམ་པ་༼སོར་རྟོག་ཡེ་ཤེས་༽ལ་གཉིས། དག་བྱ་དག་བྱེད། དག་འབྲས་ཡེ་ཤེས་བཤད་པའོ། །དང་པོ་༼དག་བྱ་དག་བྱེད་༽ནི། དེ་མ་ཐག་པའི་ཡིད་དེ་ནི། ། དྲུག་པོ་འཛིན་པས་འཛིན་པ་སྟེ། ། རྣམ་པར་རྟོག་བྱེད་རྣམ་རྟོག་,རྟོག་,་བཅུ་བཞིར་བཤད་དེ་ཞིབ་པར་གཞུང་གཞན་ལས་ཤེས་པར་བྱའོ། །,ཡིན། ། དེ་ནི་ཡང་དག་ཤེས་རབ་དང༌། ། སྒྱུ་མ་ལྟ་བུའི་ཏི
P000144,old,817722c44f544dafbab5c3e0f2459532,da024dac6fee4406a73faf5593ae68cb,93995,94085,93995,94089,94087,94103,94084,94104,5, སངས་རྒྱས་གོ་འཕང་ཐོབ་པར་འགྱུར། ། ཞེས་གྲོལ་ཚུལ་གསལ་བར་གསུངས་པ་ལྟར་རོ། ། གཉིས་པ་༼ཧེ་བཛྲ་ལས་བྱུང་,བྱུང་བ་༽ནི། སེམས་ཅན་,གྱི་རྟེན་དུ་འདོད། ། རིམ་གྱིས་སྦྱངས་པར་གྱུར་པ་ལས། །,རྣམས་ནི་སངས་རྒྱས་ཉིད། ། འོན་ཀྱང་གློ་བུར་དྲི་མས་སྒྲ
P000195,old,cae2e5952ba540cab5d543aad8d63002,f1de82c609e9424dbf1a3bb953dc467a,93618,93795,93617,93798,93797,93798,93794,93798,4,རྣམས་ཐམས་ཅད་རང་བཞིན་དག་ཅིང་ཡོངས་དག་པར། ། བྱང་ཆུབ་སེམས་དཔའ་ཤེས་རབ་ཕ་རོལ་ཕྱིན་ལྟ་ན། ། བྱེད་པ་པོ་ཡང་མི་དམིགས་ཆོས་ཀུན་མི་དམིགས་ཏེ། ། འདི་ནི་ཤེས་རབ་ཕ་རོལ་ཕྱིན་མཆོག་སྤྱོད་པ་ཡིན། །[༥] ཞེས་,ཞེས་,མེ་བཏང་རྩྭ་དང་ཤིང་དང་ནགས་ཚལ་སྲེག་པ་བཞིན། །[༤] ཆོས་,གསུངས་ཏེ། ཉི་མ་སྒྲ་གཅན་གཟའ་བྲལ་ཞེས་པ་ནས། ཕྱིན་མཆོག
P000195,old,05db9ed17e444499a5972d15e415fc77,6c3f032bee074f9dada2fba4758fe9dd,107135,107237,107132,107241,107239,107426,107236,107427,5,རྟེན་སྟོན་པ་རྒྱལ་བ་རྣམས་ཀྱི་སྐྱེད་བྱེད་ཡུམ། ། སེམས་ཅན་གཞན་གྱི་སེམས་ཀྱི་སྤྱོད་པ་སྟོན་པར་བྱེད། །[༢༢] འཇིག་རྟེན་,རྟེན་དེ་བཞིན་ཉིད་དང་དགྲ་བཅོམ་དེ་བཞིན་ཉིད། ། རང་རྒྱལ་དེ་བཞིན་ཉིད་དང་རྒྱལ་སྲས་དེ་བཞིན་ཉིད། ། གཅིག་པ་ཉིད་དེ་དངོས་བྲལ་གཞན་མིན་དེ་བཞིན་ཉིད། ། ཤེས་རབ་ཕ་རོལ་ཕྱིན་པ་དེ་བཞིན་གཤེགས་པས་མཁྱེན། །[༢༣] ཞེས་,ང་བའི་ཕྱིར་རོ། ། གསུམ་པ་དེ་ལ་འཇིག་རྟེན་པ་ནི། འཇིག་,གསུངས་ཏེ། འཇིག་རྟེན་སྟོན་པ་ཞེས་པ་ནས། གཤེགས་པས་མཁྱེ
P000195,old,0fdc73518bd14c0c8894516eb11142a0,b8cb79c7efa3422ab07bb71a8a3fc750,128387,128573,128386,128578,128575,128578,128572,128578,6,མགོན་ལ་གནས་བརྟན་རབ་འབྱོར་ཡོངས་ཞུས་པ། ། ཡོན་ཏན་རྒྱ་མཚོ་ཉོན་མོངས་མ་མཆིས་རྟགས་བསྟན་གསོལ། ། མཐུ་ཆེ་བ་དག་ཇི་ལྟར་སླར་ལྡོག་མི་འགྱུར་བ། ། དེ་ལྟར་ཡོན་ཏན་ཕྱོགས་ཙམ་རྒྱལ་བས་ལུང་བསྟན་གསོལ། །[༥༥] ཅེས་གསུངས་,གསུངས་,་གྱི་ཞུགས་པའི་ཕྱིར་མི་ལྡོག་པའི་རྟགས་ནི། འཇིག་རྟེན་,ཏེ། འཇིག་རྟེན་མགོན་ལ་ཞེས་པ་ནས། ལུང་བསྟན་གསོལ་ཞེས་པ
P000195,old,a067684362f9419aab1e7d2431642b66,ac4a8eebc2bc4a299f349c6cfba3832b,135933,136116,135929,136119,136118,136120,136113,136122,6,སེམས་དཔའ་གང་ཞིག་ཤེས་རབ་མཆོག་བསྒོམས་ཏེ། ། དེ་ལས་ལངས་ནས་གོས་པ་མེད་པའི་ཆོས་བརྗོད་ཅིང༌། ། དེ་ཡང་འགྲོ་བའི་དོན་ཕྱིར་བྱང་ཆུབ་རྒྱུར་བསྔོ་ན། ། དགེ་བ་དེ་དང་མཉམ་པ་འཇིག་རྟེན་གསུམ་ན་མེད། །[༦༦] ཅེས་གསུངས་,གསུངས་ཏེ།,ད་དོ། ། གསུམ་པ་དེ་བསྒོམས་པའི་བསོད་ནམས་ནི། བྱང་ཆུབ་, བྱང་ཆུབ་སེམས་དཔའ་ཞེས་པ་ནས། གསུམ་ན་མེད་ཞེས་པའི་བར་
P000195,old,7b22c5fcb3274909afdc7a30f40bcffe,07b1ee1201204762a0b214ff898ce1e0,176613,176801,176611,176804,176803,176847,176799,176848,5,གང་ཞིག་དེ་ལྟའི་བསླབ་འདི་ཤེས། ། དེ་ནི་གཞར་ཡང་བསླབ་ཉམས་ཚུལ་ཁྲིམས་འཆལ་མི་འགྱུར། ། དེ་ནི་སངས་རྒྱས་ཆོས་མཉེས་བྱ་ཕྱིར་འདི་ལ་སློབ། ། དེ་ནི་བསླབ་ལྷག་བསླབ་ལ་མཁས་ཏེ་དམིགས་པ་མེད། །[༣༦] མཁས་པ་འོད་བྱེད་རྣམས་,རྣམས་ཀྱི་ཤེས་རབ་དེ་ལྟར་སློབ། ། ཅེས་གསུངས་ཏེ། བྱང་,འོ། །དང་པོ་བསླབ་པའི་དོན་ཚང་བ་ནི། བྱང་ཆུབ་སེམས་དཔའ་,ཆུབ་སེམས་དཔའ་ཞེས་པ་ནས། དེ་ལྟར་སློབ་ཞེས་པའི་བར་ལ། ཡ
P000195,old,c5b9930e44a74ded89f7df78f5c7f87a,b336f7db69d94e488b3b6935c6e96c3a,182791,183156,182788,183160,183158,183160,183155,183160,5,སྒྱུ་མའི་སྐྱེས་བུ་འདི་སྙམ་དུ། ། སྐྱེ་བོ་འདི་མགུ་བྱ་སྙམ་མི་སེམས་དེ་ཡང་བྱེད། ། རྫུ་འཕྲུལ་སྣ་ཚོགས་རབ་ཏུ་སྟོན་པར་བྱེད་མཐོང་ཡང༌། ། དེ་ལ་ལུས་མེད་སེམས་མེད་མིང་ཡང་ཡོད་མ་ཡིན། །[༤༥] དེ་བཞིན་ཤེས་རབ་སྤྱོད་པ་ནམ་ཡང་འདི་སྙམ་དུ། ། བྱང་ཆུབ་རྟོགས་ནས་འགྲོ་བ་ཡོངས་སུ་དགྲོལ་མི་སེམས། ། སྐྱེ་བ་སྣ་ཚོགས་དང་ནི་བྱ་བ་མང་ལྡན་པ། ། སྒྱུ་མ་ལྟ་བུར་སྟོན་ཀྱང་རྣམ་པར་མི་རྟོག་སྤྱོད། །[༤༦] ཅེས་གསུངས་ཏེ། སྐྱེ་,སྐྱེ་,ི་དཔེའོ། །དང་པོ་སྒྱུ་མའི་དཔེ་ནི། སྐྱེ་བོའི་དབུས་ན་,བོའི་དབུས་ན་ཞེས་པ་ནས། མི་རྟོག་སྤྱོད་ཞེས་པའི་བར་ལ། 
P000195,old,dab1b323a2d24d35aa5af436d76acf0f,55a0045c10a64ea7976ad9bc3c2a6342,217424,217617,217420,217621,217619,217621,217615,217621,6,མཆོག་ཏུ་ཡོངས་བསྔོ་ལ། ། དེ་ཡིས་རློམ་སེམས་མེད་ཅིང་བདག་བསྟོད་མི་བྱེད་ལ། ། ང་ཡི་འདུ་ཤེས་སེམས་ཅན་འདུ་ཤེས་ཡོངས་སུ་སྤངས། ། བྱང་ཆུབ་སེམས་དཔའ་ཚུལ་ཁྲིམས་ཕ་རོལ་ཕྱིན་གནས་བརྗོད། །[༩༨] ཅེས་གསུངས་ཏེ། ཚུལ་ཁྲིམས་བསྲུང་,བསྲུང་,ན་ནོ། །དང་པོ་ངོ་བོ་ནི། ཚུལ་ཁྲིམས་སྲུང་ཞིང་བྱང་ཆུབ་,ཞིང་ཞེས་པ་ནས། ཕྱིས་ནས་བརྗོད་ཞེས་པའི་བར་ལ། ཡང་བྱང་ཆ
P000269,old,132c5e2c2f0245dbaacc4221acc1b58d,57c08c09f32347b7971dd48bdef2c6fe,64770,64891,64770,64894,64893,65022,64889,65024,5,།ཞེས་པས་སོ། ། གཉིས་པ་ནི། དེ་ཉིད་དུ། ཨེ་ནི་སྟོང་པ་ཉིད་དུ་གསུངས། ། དེ་བཞིན་ཝཾ་ནི་སྙིང་རྗེ་སྟེ། ། ཐིག་ལེ་དེ་གཉིས་སྦྱོར་ལས་བྱུང༌,བྱུང༌། ། དེས་སྦྱོར་བ་ནི་རྨད་བྱུང་མཆོག ། ཆོས་ཕུང་བརྒྱད་ཁྲི་བཞི་སྟོང་ཁྱབ། ། མདོར་བསྡུས་ཆོས་ཀྱི་ཕྱག་རྒྱའོ། ། རྒྱལ་པོ་ཆེན་པོའི་ཕྱག་རྒྱ་ཉིད།,ེས་མཚོན་པ་ནི། ། རྒྱུད་ཀུན་གྱི་ནི་གླེང་གཞིར་གསུངས། , ། རྒྱུད་རྣམས་སུ་ནི་ཐོག་མར་གསུངས། ། ཡང༌། རྒྱུད་ཀུན
