pecha_id,ann_id,start,end,split,reason
I058DD999,03203b7b39bb4641a1f160f1c627ee83,26541,26764,train,force_book
I058DD999,cf67a29ddd2745808d25aab11495f1cb,28281,28506,train,force_book
I058DD999,0e944b9bb43f41d789c6d9f90acc9a73,30206,30443,train,force_book
I058DD999,5a7cd588bff34fbea86f278e4f809e77,31764,31981,train,force_book
I058DD999,fc973d147a1041cb9316aa96fbdd68d3,33217,33440,train,force_book
I058DD999,dad040bed7b247dead3da77558434d54,35169,35392,train,force_book
I058DD999,6f8c71b88de74fc3af920e1b1fe15fdd,37545,37581,train,force_book
I058DD999,50212a84e51a433a9c120aa37dd710d5,37736,37831,train,force_book
I058DD999,c5cea96e501743749fad557f2f78c0f4,37862,37922,train,force_book
I058DD999,d9858305e00248ab9b7d26168a34cf03,38309,38424,train,force_book
I058DD999,67255eb7f9a9419984a1877180324c2c,38896,38959,train,force_book
I058DD999,8c53201259704ade9f409d9655372cf0,39596,39636,train,force_book
I058DD999,863cdd305a674ccd9aa15b82545403f1,39837,39944,train,force_book
I058DD999,7c11d76d2e654580b2db89c11d252cf1,40160,40268,train,force_book
I058DD999,8678a7658a1c4a869e64a1843cc577ed,40326,40418,train,force_book
I058DD999,b6b2ab1b83e44ea097d3ea36bc289ee9,41102,41182,train,force_book
I058DD999,a1317482a4344234a6f2f4d13c75ff9e,41322,41364,train,force_book
I058DD999,158e09b176d54d30995a50a41d9b7df6,41753,41895,train,force_book
I058DD999,b4f02ab9dd7147ed93a21adfb4b8c5a1,42114,42154,train,force_book
I058DD999,b47b64c51a644b4092880505c8f4ef1e,42372,42500,train,force_book
I058DD999,323d495bbf034b81bb008b0fd2aa6bae,42515,42630,train,force_book
I058DD999,f617e9541f1946d0ac768fcdd285d845,42948,42990,train,force_book
I058DD999,ba5ddb5a0e504fb98102d97b0a302232,43223,43303,train,force_book
I058DD999,7fc207da396e4f179f56217084a27fbe,43315,43429,train,force_book
I058DD999,529db5c5802f4e18bdf4fab409900f76,43810,43847,train,force_book
I058DD999,3a0d2536edaf43f0a15cb33c3ec9d45e,44323,44397,train,force_book
I058DD999,b13993c8de3a463893046df728616718,44420,44525,train,force_book
I058DD999,c254b00527184e38bfec4f454c574661,44608,44652,train,force_book
I058DD999,ebe3d7b7bcf841d5a904595ef6efaf8d,44754,44821,train,force_book
I058DD999,f746505681b746e18a2c8f13af61b7e5,44832,45019,train,force_book
I058DD999,e7b7afad163940c3af5a25ea8cc7bc6a,45606,45753,train,force_book
I058DD999,8023bdeda7174bf7b90bc8a7a31f85b2,46562,46628,train,force_book
I058DD999,90b044a1dcd8489e8a02100b4f6fe507,46640,46766,train,force_book
I058DD999,b1cf1ccb436247daa9f46c8d853961d3,47171,47328,train,force_book
I058DD999,689785cac5d645d6b69e06e0f2be9e14,47346,47478,train,force_book
I058DD999,5d5c4e06ad3645ff91a9d3258c3ae49b,47849,47997,train,force_book
I058DD999,749f15792285455ea45118db57dff806,48038,48174,train,force_book
I058DD999,85117a7515e04d01aeed52147d290125,48626,48759,train,force_book
I058DD999,ac266d7bae6c478bbeff7982a2964200,49655,49862,train,force_book
I058DD999,808af9b0786943d6892b30fb7b9dcb4b,50363,50443,train,force_book
I058DD999,a5cf6b73a0a04bb68fd765a137a2fa56,50455,50515,train,force_book
I058DD999,41a06edcafac4789acd06805866324c7,50527,50692,train,force_book
I058DD999,8311caf637fa4195b9845af509afb531,51563,51783,train,force_book
I058DD999,1a19b9eb582d4f80bc6f24e4624d05fc,52716,52883,train,force_book
I058DD999,df01707a9a9f4d3e8a67971057ada2b8,52918,53070,train,force_book
I058DD999,883a0ceb2ccb4bdbacc121d402fbbb75,53113,53248,train,force_book
I058DD999,5ce331f3240b495fb419e5801fac6017,54469,54540,train,force_book
I058DD999,63fc1958ee0e49a4a5eb621bde268e91,54564,54682,train,force_book
I058DD999,f93cda3a695b40a68f5d36e07c9d815f,54847,54998,train,force_book
I058DD999,c1f33defdf68491887cfdfd68467553f,55259,55419,train,force_book
I058DD999,763ec83e065b49a5bc0455e9c3736f13,55441,55557,train,force_book
I058DD999,273f0084d32541f5b351566ef3c07d06,55643,55822,train,force_book
I058DD999,a6c637a14f484ada9e9905d016d090a8,55833,55945,train,force_book
I058DD999,f6b63be378544a73966a2467ccce0235,58537,58699,train,force_book
I058DD999,048884dfd018427cb6283ec852c3cb07,58713,58851,train,force_book
I058DD999,acac398f98884fb6aeae20438c1fbd1a,59747,59869,train,force_book
I058DD999,c4fbf2bba834476ca306ffeb7bb4220a,59883,60007,train,force_book
I058DD999,3dfcc56c5f2a4ae9a14b6a020d855c26,60038,60151,train,force_book
I058DD999,e811b062bd844dd7ae74ec942e125812,60352,60498,train,force_book
I058DD999,1bda80f9efc3427592ea38159d6b80d1,60517,60634,train,force_book
I058DD999,f85a481153ff4c94b60d40569b145e72,61443,61609,train,force_book
I058DD999,fecdcd82cc7d4270adeabdede9e521ee,61635,61945,train,force_book
I058DD999,aa37113b6c1540f7ae32dc1741e7f9b2,62879,63046,train,force_book
I058DD999,0a2f8c32101f455390b6c3c31d8f2e80,64812,64890,train,force_book
I058DD999,3a503aa27c4a492f91a5f5c5137b0ccb,65157,65261,train,force_book
I058DD999,a9122d4eb47f4f95918108cb110acb4e,65590,65917,train,force_book
I058DD999,19b69a9d65994355a6741f1f36062fca,66799,67243,train,force_book
I058DD999,2d19a24df8f84292bb2f1c705323e709,68921,69403,train,force_book
I058DD999,83b915904da9421ab1b1c3953517035a,71443,71838,train,force_book
I058DD999,1e50c12b2950426e9b9b8c31f6bf44ff,87712,87782,train,force_book
I058DD999,f03f3b195ef141c2b3f2005b67b2c9ae,91697,92307,train,force_book
I058DD999,merge:a62e9d533cc745e4b55aaeeb5b1a2386+efcfa11f08c0427e8cd307a6767169be+4c36059240c4444b80fcf09ee8eae45b+292da994070a44c79895f00ebee54c92,94971,95589,train,force_book
I058DD999,726521bbe17745b98a40761cc49d7cc1,96714,96888,train,force_book
I058DD999,65d22606fe0a43118419f5ece59daf1e,97506,97976,train,force_book
I058DD999,5f4f1dc5ec5f4baa9880e2980962d0ba,99838,99994,train,force_book
I058DD999,e61bf03917634633ba70d39fc9882f41,101094,101252,train,force_book
I058DD999,af47a112f3e347e8b3ef74ef67ad863a,103165,103315,train,force_book
I058DD999,merge:eb28cf15e80048709c471075c4c42614+834a9f612a1f4b8ca3d8036e88523b99,103391,103861,train,force_book
I058DD999,2a6609872d964f8eaaba5393f7450798,104031,104268,train,force_book
I058DD999,ab6bc0b431bd427a990f768da974ab8b,104608,104728,train,force_book
I058DD999,a4aeab5d0f5c48b9af19f9467ce986b5,106284,106654,train,force_book
I058DD999,2e5d2c546d034ba0aa5fcf6f69f5990e,107358,107661,train,force_book
I058DD999,3cd2469c78c04da5a0e359b314f1b8ec,109470,109557,train,force_book
I058DD999,8aa5e42a0ea7444db0972e2e1cb3d8f6,109586,109756,train,force_book
I058DD999,ba6b867484c648c9ab62e9a11ba311c7,109786,109908,train,force_book
I058DD999,a87da7bf705e4384ad36b9a0d7c66d30,112758,112994,train,force_book
I058DD999,631f49fe5327438096142d862ce729b0,113006,113250,train,force_book
I058DD999,7c982e0609534f9fac73d128f124615e,115196,115334,train,force_book
I058DD999,9fe2ec4221be4478854d26215b3c656b,116562,116686,train,force_book
I058DD999,578eb4337bec43e78b218d3607af6527,121724,121908,train,force_book
I058DD999,155d80767dc14dfa9b45252cdb8058a4,122377,122494,train,force_book
I058DD999,b35675a072d34b95a746d46726ab7add,122765,122844,train,force_book
I058DD999,8ea16e55c0434d2b8117835eaea30cf5,123283,123394,train,force_book
I058DD999,merge:070b92b4b3964535ab09a3221d59a37b+d19275913b5741bca576c75afc66bbdf+8c511c9db8104fc384f614bf645b6dcd,125708,126195,train,force_book
I058DD999,merge:0371a991694d48d899cf184a88f67a1b+11e449e64af545efb1a031ef64a5415b+37d83a4165ed4585aa729e794fb1f02f+9c72217e80bf458d9a5796715b9c4c4d+71d9b694c4fb4e69bcd75b2e5f6c718f,126961,127694,train,force_book
I058DD999,4ec071dd66cb4136a3c9b7b13733a202,128882,129356,train,force_book
I058DD999,merge:2201b160a6974175b8417f5fedd3bd77+a2eba2f514174f5eaa0da691f42fa0ea+af35b804344248fc86346cf617bb38b2+0b0cf0289ff64b4783322d80980aeff8+e3e69fa2157a47989fb5b36deacb7d28+3de22aeea1e84341803c9a538aa0bc02,133348,134325,train,force_book
I058DD999,merge:81a4b9ac0f004d9c9bf57d2b51cda470+4d4ffe261c2744c89b80be4642c710d7+d2afd90b5fdb416c957ffd56c5b10693,134578,135070,train,force_book
I058DD999,ed91185db5724a519dbda0f54a457a0d,138985,139146,train,force_book
I058DD999,a32cfc1932d64af893e9111acda91a84,155505,155668,train,force_book
I058DD999,merge:ec9625924e0542e9995bb86f78596709+c7fab1ba78ff4d39861918c676d65c0b+ec6c9d2af0c64d58bfcaa8ac737336c4+6c4fc7c55d804a2c94de49b937841977+0bf6ab27fa6f4f79b6735dce0ee02800+00c5588d29274be4b7f5c2aa043b1e70+04f38500f7574e1380fcc06f838e69c9+c07bf0ea189041e5a8bdc4d798233e98+64814fd49e254cb09830a33c3dd0b020,156713,157211,train,force_book
I058DD999,merge:00942e00bbdb4a2786c19f6063a12089+6769f55456124c799eb00966d301d961+86bed979c0c3416a919ec3692bc61d2b+be46cf14eebf4a39aee8dbdc5df6f675,160040,160620,train,force_book
I058DD999,f98cf2b2aa594929bb573851a6a5520e,160656,161151,train,force_book
I058DD999,726164d55b63472ab1b1d0c4610905ee,161363,161689,train,force_book
I058DD999,merge:d420309e1e584098a65a9f54ba67ecfd+feb9355a5d394d90b6e32e0a409775a8+a7eb4bc1129c402eb7e4a497f3055d65+7d33941e28d94eebaedcc2059dd0fc5a+12419174158d4f1d8fdcbbe5ef0f8b57,161939,162648,train,force_book
I058DD999,2cb8aa84613043758b07d6dd27144e5c,163906,164071,train,force_book
I058DD999,merge:a18892ad82de4e24b552be64bd98135c+682833bfba0c4e258d05f772ab7dcf63+284aa1a6d731434b8a0413d8c340dc27+a2c9de57c83e45ebab766b7b21a2445a+18a424342ed241dfb5c6c784519bc038+2d255e4a6940494bace0b8e95e6bcdf8+f3fad393a3bd40578acf866f7968f41f+363d4b76063d405fbbdefe76d6d62478+a96ce810001a450389c99bb1a2baec2b,164103,165492,train,force_book
I100E7DAD,92bbb37a139845c8b5441580ea1c861f,7947,8099,train,force_book
I100E7DAD,e699d2f774394076991521c10c85b790,10584,10736,train,force_book
I100E7DAD,efa7d0fd50dd4716b9a691f13c854cb4,13099,13277,train,force_book
I100E7DAD,f0fcb06ff141421086ab2593a7318ca0,14319,14439,train,force_book
I100E7DAD,78e905ca8b9043b4b43fef92da520aa2,14678,14867,train,force_book
I100E7DAD,770bbdfe1cd045f1854b0fa32d157d11,15695,15809,train,force_book
I100E7DAD,5da6207cecc3497a8495a3d0b304e407,16121,16247,train,force_book
I100E7DAD,5545be570b8a42b9a611571e3eec47f8,16777,16898,train,force_book
I100E7DAD,b0d4b38cfb8b442db779760c892f9e85,17073,17290,train,force_book
I100E7DAD,bb8fee227a1c4ff8823ad63347508bed,17330,17463,train,force_book
I100E7DAD,1246df97439b4274892553f1eb6487ac,18382,18499,train,force_book
I100E7DAD,ff3c9549f4234fc7aaa6a5eec80135e0,18657,18806,train,force_book
I100E7DAD,cc5d337a73674e9792c752202d4724fb,19788,19895,train,force_book
I100E7DAD,957f3586bc164ed9a247cf03998753bb,20505,20701,train,force_book
I100E7DAD,43f16bc43a6d4e10868988839edb2dcd,20935,21039,train,force_book
I100E7DAD,2b998b6e82aa418d9deb3dfe810e6895,21104,21225,train,force_book
I100E7DAD,d80026cb75b74395904af2cf83307bbd,22762,22873,train,force_book
I100E7DAD,ca43f0a3fb964ca8830b3e5735012029,23065,23177,train,force_book
I100E7DAD,e5c92b5ff6044589ac1d1db7f1bcea5c,23424,23538,train,force_book
I100E7DAD,efa87dda463f43b99351be7c6455551b,24740,24856,train,force_book
I100E7DAD,3029cc0c95214607bec83d83c54d79c1,24951,25068,train,force_book
I100E7DAD,6eed23676e1247a28d523266646226dd,25937,26054,train,force_book
I100E7DAD,cf0d4b80139649ed8c55019f1d38ce4e,26618,26673,train,force_book
I100E7DAD,52cdb5ad80cc43d5abc2c8949d445f6f,27651,27765,train,force_book
I100E7DAD,aee8fe095ea54338a8a9a9a2427baf58,28796,28918,train,force_book
I100E7DAD,5001c3b26c234fb09827d89b343b8209,30134,30241,train,force_book
I100E7DAD,34baa13ca3d74739a14ce70a2c0e6a51,30358,30481,train,force_book
I100E7DAD,4b25edff485c459e8d2e2e11667591e9,30582,30706,train,force_book
I100E7DAD,22b846ad40f548839afd304a5ca919a3,30777,31093,train,force_book
I100E7DAD,9760a8fecfb749908fc8d8e99f619bdf,31684,31796,train,force_book
I100E7DAD,84c427415eb14ede9350c55df311e1d2,31971,32086,train,force_book
I100E7DAD,28872f6a209e4b8984b181d300135561,32517,32628,train,force_book
I100E7DAD,196fe0767e044740beeeb685bdbc1091,34003,34118,train,force_book
I100E7DAD,c29bf1ae8f2643589f06948d9d3a6092,35415,35564,train,force_book
I100E7DAD,7ee376fd289f46ae8d82f9d7e0ce1125,36418,36535,train,force_book
I100E7DAD,7d8cf522302b4ecb9f2daeaf3f9411a3,36672,36791,train,force_book
I100E7DAD,32aae2e967664a85b186b22e572b3099,39107,39209,train,force_book
I100E7DAD,e5d5a4563d464569948c36d60c85beaf,40037,40150,train,force_book
I100E7DAD,e7cc8304b71c4c4186ae161141e6a4b1,43737,43854,train,force_book
I100E7DAD,be3dc483a4f448bbbc1e750d598cbb46,44123,44246,train,force_book
I100E7DAD,740576a36f604b768f720c7bbf35e604,48227,48407,train,force_book
I100E7DAD,917dd856ae5f4477a873c737b7c36890,50028,50152,train,force_book
I100E7DAD,485374dfcb15445490463b70de4b6c49,50199,50312,train,force_book
I100E7DAD,97cd608a375c4b7c85dd27c860683c92,51167,51281,train,force_book
I100E7DAD,c9d8211084a1426294b9aa03d27b04be,51578,51692,train,force_book
I100E7DAD,c79b4e42d4f74e2d99c1c03dbfb752f6,53869,53985,train,force_book
I100E7DAD,85fe93b8fc314f9b8b30a8779c5b4b4d,54645,54748,train,force_book
I100E7DAD,7301b2c223a544bc878273b8e3b7d407,54937,55051,train,force_book
I100E7DAD,18b481e133d54ef9a78f882820fa8ff8,55215,55334,train,force_book
I100E7DAD,41af4f46064f44449d0e3e391c07c59c,55529,55679,train,force_book
I100E7DAD,3a6b11890693481490725626df645e8a,56453,56577,train,force_book
I100E7DAD,3e2b735543f844a087a3c101b7b30730,56758,56885,train,force_book
I100E7DAD,38f6cec56a5f497d9ba231c2e743208f,57230,57340,train,force_book
I100E7DAD,97402260d3834446a2459c176f18fbb3,57757,57944,train,force_book
I100E7DAD,8838749bb6d24b318cba5b8e0d209652,58104,58328,train,force_book
I100E7DAD,445f946e22d0430b86b7691f966fa495,58433,58579,train,force_book
I100E7DAD,dedf723bdcb24b89a22aa464e351b351,58793,58911,train,force_book
I100E7DAD,39783aa6d5c742759d79e09e183f13c1,59214,59329,train,force_book
I100E7DAD,3a8130f9d7084c1cb08600223e2d1cb4,59943,60109,train,force_book
I100E7DAD,e5b0b6388c7b4536a1cd7da22274da8e,62126,62238,train,force_book
I100E7DAD,60d2a7f331af4f21b70698c20e2e42b3,62827,62964,train,force_book
I100E7DAD,6ecb37009a354ca383ae836ca80bffc3,64156,64362,train,force_book
I100E7DAD,c308ad9dcf5b41659a33983fc8380b7a,65221,65330,train,force_book
I100E7DAD,61dccde6ead440b09d91e100ce87b3aa,66187,66265,train,force_book
I100E7DAD,94821b3a828a479b9f5e69cab383a3cc,67802,67944,train,force_book
I100E7DAD,4ac6aefb276e48e5b64006b75a99d33c,68394,68508,train,force_book
I100E7DAD,babca6b4dde14821bb0e5129841b93a2,70653,70761,train,force_book
I100E7DAD,42bfc7ae435c4aedb58a00285c21e4ac,71135,71315,train,force_book
I100E7DAD,adbb3be756eb40909e3dd57b8a4bfa41,72859,72974,train,force_book
I100E7DAD,bef664c1b16f4a61bc0d910832f77d0f,74493,74625,train,force_book
I100E7DAD,38be52eba59c415480a8670029cdc300,80551,80781,train,force_book
I100E7DAD,9c4d187518774dd6b300de66666f5217,81535,81713,train,force_book
I100E7DAD,c1de1b9c4bdb47cc88e9ba02b7a17fe8,83737,83904,train,force_book
I100E7DAD,121a13f8533843328439a9977bf0b01b,87062,87189,train,force_book
I100E7DAD,aecaf1466ae44e7c97805cf34525e042,87267,87412,train,force_book
I100E7DAD,91d4c39d06ea4b249f58a235024bc83d,88592,88709,train,force_book
I100E7DAD,d706b874c2664a36aaa53de9188266ec,96409,96504,train,force_book
I100E7DAD,da2a575b6095486685415f56401bb981,96976,97091,train,force_book
I100E7DAD,ae4715f08c2e44daaeaef2bc14527712,97918,98029,train,force_book
I100E7DAD,e96253a46c854574b392ca1e540ccaae,101491,101604,train,force_book
I100E7DAD,b1df4cd8060d409abe321fb558262423,101649,101867,train,force_book
I100E7DAD,be69fde0dcf54763b980368b19956bb6,102086,102244,train,force_book
I100E7DAD,24da57b57bb64a46b42179425d823069,102373,102496,train,force_book
I100E7DAD,dcaad301f9a54eaaa200f4edd097aafa,102575,102703,train,force_book
I100E7DAD,dc799f5197f344369426955932474084,103028,103151,train,force_book
I100E7DAD,b970c498fe144ae3b5bfaa72b5ee83fd,103285,103395,train,force_book
I100E7DAD,e7a1c88d35174d5fa304714887341e7c,103441,103558,train,force_book
I100E7DAD,3d7696346d364a54b159ed7180351459,103928,104043,train,force_book
I100E7DAD,8ef5a46e4b5d406bb232362060a7c8ee,104426,104546,train,force_book
I100E7DAD,42c99a5cf45d4c2d9ed18be20d5c3b4e,109310,109420,train,force_book
I100E7DAD,120e0062e98f42dab83f5ab16a68bf2e,109776,109918,train,force_book
I100E7DAD,85fc94e1d05c4a15b678e8e89dff138a,110012,110125,train,force_book
I100E7DAD,54213451daae4741b0e9f59669abf501,110210,110450,train,force_book
I100E7DAD,bceb4cd2e5a34c46b542bb264cfdc030,110723,110845,train,force_book
I100E7DAD,195d3facc9c24903b533918e158ea1db,111410,111533,train,force_book
I100E7DAD,241d2ad8cb964cadbc063d15c3387028,114379,114503,train,force_book
I100E7DAD,ce2bd1cae6dd4b21ac8f277c46c1ecad,114817,115003,train,force_book
I100E7DAD,73cf39cd1971432995e28c6d5f8850dd,116294,116439,train,force_book
I100E7DAD,1c36396ff9ba421a9623494adb928c41,116608,116723,train,force_book
I100E7DAD,47ab7b9af34e4f4eaf628ce8d43e47ce,117086,117218,train,force_book
I100E7DAD,2a379090d6a4496fbf683e897a4ccce9,117485,117602,train,force_book
I100E7DAD,070f07b3a9b2436fa6c3b324ccd94709,120056,120185,train,force_book
I100E7DAD,1dea6a57880b4146a99db830524eee3d,120652,120772,train,force_book
I100E7DAD,1bc17caa9ef643b4955b5552a6786b89,124580,124691,train,force_book
I100E7DAD,31bcf408d84f4f5e929a086a473dd217,125343,125456,train,force_book
I100E7DAD,2eb055ef4d784a28a853c07c25b8c015,128005,128117,train,force_book
I100E7DAD,85aa44fb7b98407297bbc10df37c808c,130786,131016,train,force_book
I100E7DAD,931907dc822c47c3884e7ebd55d75a54,133994,134106,train,force_book
I100E7DAD,85014fd860bc48a9b0b8c4d8cfa68d38,135362,135479,train,force_book
I100E7DAD,61b40068878846ee9c0e36a25bae85d9,135826,135943,train,force_book
I100E7DAD,cefb0ed418b54058afff5caa73678825,137408,137547,train,force_book
I100E7DAD,c0c42fea804e47009ed86a5a4a787de0,138479,138610,train,force_book
I100E7DAD,f835cf13ce9f4efda1333bc626995ac0,139280,139401,train,force_book
I100E7DAD,272c3b8b982f4f6aa1bbc64a9da7252e,139949,140117,train,force_book
I100E7DAD,bb25b14bdd6f490ebf7b08eea4f81dec,142112,142234,train,force_book
I100E7DAD,0038f24bc5484ef2b458b5eeb13b66d8,143095,143377,train,force_book
I100E7DAD,c297102ef2c04d44af94cf376a723282,144413,144530,train,force_book
I100E7DAD,842b2848ce3e46cb8f2166beec78ff7c,144567,144685,train,force_book
I100E7DAD,9bd99425b2224eaa9609f91b4bc95e6f,146140,146283,train,force_book
I100E7DAD,8c3d356fff114f198816d59b5fbe6b7f,146294,146440,train,force_book
I100E7DAD,2899431cc25b4d81863b4c80b96d0696,146477,146712,train,force_book
I100E7DAD,1b0660533c34440595d5ce9325184226,147251,147374,train,force_book
I100E7DAD,8d5fbe1ed7ec4172b767e9215718d0a5,147630,147745,train,force_book
I100E7DAD,8619dc9fb7f64e30ab925078147aea2a,147947,148190,train,force_book
I100E7DAD,b90a9977811c4d0ca6d76f79719a101b,148378,148537,train,force_book
I100E7DAD,ff779d3ca89b4504b48c02aebb65c79c,148793,148911,train,force_book
I100E7DAD,5a9f4fc700b64db192c1976e174ab80e,149101,149213,train,force_book
I100E7DAD,3f5e40c6dfe34f0ca5ed58785a80227f,149837,149984,train,force_book
I100E7DAD,a0f793b20c0f4ec0873e4d3757d9a9c2,150899,151018,train,force_book
I100E7DAD,b03bea33d5fa449da76218f555100c71,151419,151534,train,force_book
I100E7DAD,a3a98765911f42a998c04c8dab80765a,151913,152061,train,force_book
I100E7DAD,6945530fb0e24f68b03560c6a22ec446,152182,152299,train,force_book
I100E7DAD,b9496cd58d174db2b119d8b20982ec78,152597,152745,train,force_book
I100E7DAD,2909e797b9d54920aa5cf37ea85e7c36,152939,153052,train,force_book
I100E7DAD,cb1afc2e110d4b60aa4248daccb9cd50,153408,153554,train,force_book
I100E7DAD,555df1f04e4d49c9b07668604c73ca6b,153843,153991,train,force_book
I100E7DAD,45199ca86238467aa1928a5fe185b1b5,156039,156162,train,force_book
I100E7DAD,fa05413c2114481ca46f1f5dba7b4e9a,156437,156556,train,force_book
I100E7DAD,d8bd04aad91440dbb769683f54820240,156765,156878,train,force_book
I100E7DAD,a70f07688239467d92d34c3b5bdfe9de,157262,157441,train,force_book
I100E7DAD,ed2211e5367245108aef36b988026b85,157566,157813,train,force_book
I100E7DAD,933c3b0b063e4d43adfe628528a7e1da,158097,158218,train,force_book
I100E7DAD,b4af70f17c0e406d9b4d39d81b3e0536,159899,160052,train,force_book
I100E7DAD,4324ad883fe94d4a9932906a491e38d3,160281,160435,train,force_book
I100E7DAD,878cf2dc394f4b1bb5f07a3af847266a,160645,160800,train,force_book
I100E7DAD,11dd636eff9f4ed995b9d4822e641e86,167748,167864,train,force_book
I100E7DAD,0d939ecc737c4a2d9c0629a8974040cf,167955,168189,train,force_book
I100E7DAD,7a89b8ffbed94a9699ce37bc9cae1039,168875,169021,train,force_book
I100E7DAD,00ffac8f53874e929aab00fc8686cc27,169169,169398,train,force_book
I100E7DAD,34b000d231f242709c8649413d88574c,169803,169917,train,force_book
I100E7DAD,340e60cfbfa54353baa2674994790e9c,170088,170204,train,force_book
I100E7DAD,7e962729ec994a928cdefbc31c306749,171286,171404,train,force_book
I100E7DAD,9da1e60aacab42cc92a07bbfa05dbce5,171704,171884,train,force_book
I100E7DAD,d6b907dd55b54e1888c05342258c7f26,173333,173455,train,force_book
I100E7DAD,c2834158756247edbde827c29a189847,173602,173715,train,force_book
I100E7DAD,55d7f6a4dca64847bed2e59522f81c2f,175509,175624,train,force_book
I100E7DAD,2d3dacc9ffd54b9589bb1467346c6f84,176343,176498,train,force_book
I100E7DAD,a596010ddab640e8a3d79e7a6eb99cb8,180094,180215,train,force_book
I100E7DAD,04e9aca4f0a442e6853e03f768c58b0d,180476,180616,train,force_book
I100E7DAD,256ea6f3365e4d949504e395c3645d07,180655,180787,train,force_book
I100E7DAD,8100ba30552d433b9e81cb3854e5d2fc,181393,181510,train,force_book
I100E7DAD,fd5221947ee64ef4a6a21732b43867aa,182607,182716,train,force_book
I100E7DAD,d237ed7821d64da5b5b6e7ec9b550814,183021,183148,train,force_book
I100E7DAD,bee88c2cc35c417cae3ec56d8a1884d9,183524,183644,train,force_book
I100E7DAD,3df999567ec045f190e87b55effc9984,183833,183948,train,force_book
I100E7DAD,19d6e25d707945748b8f2a4e516822f8,184176,184270,train,force_book
I100E7DAD,d659061bffc7472c914697166da28508,184486,184661,train,force_book
I100E7DAD,459b7ed708dc4e8d8321bccea81fffdb,185043,185131,train,force_book
I100E7DAD,5a93867936184efcb429e90574085ccc,185231,185325,train,force_book
I100E7DAD,092847b808ad4c1891aea87dadeced22,185468,185612,train,force_book
I100E7DAD,771ceaed6ca74127a8685ad5049cd28c,185763,185924,train,force_book
I100E7DAD,94ca0c45e82c42dda028ef49d87a2f77,190941,191057,train,force_book
I100E7DAD,644beba0d65d40b9bf0492c2a09014ca,194827,194948,train,force_book
I100E7DAD,7823ec05b6054016a69c83a8f85ca09d,194987,195068,train,force_book
I100E7DAD,669b30e4fc764442a2f716298da6bf08,197348,197515,train,force_book
I100E7DAD,ec807e68af8b42c0902fe2f994773e0e,199473,199671,train,force_book
I100E7DAD,1400d443e94548baa7f903c2714793b8,199698,199817,train,force_book
I100E7DAD,8662c08961454a33bb7003439ac1da87,199936,200033,train,force_book
I100E7DAD,d96cad0108384a46ab3473ab16f42113,200177,200292,train,force_book
I100E7DAD,b7409c22980b48f6a66fe90b194b9a9f,200460,200635,train,force_book
I100E7DAD,da8a50f8b7134a218ee49ff8d73b2b06,202507,202667,train,force_book
I100E7DAD,9f2e5296a93e4c9f9e54487c154679a6,204819,205838,train,force_book
I100E7DAD,45330f9db1fa4da4b497326ed8d5b648,206068,206305,train,force_book
I100E7DAD,e5dfa5db5c7d42d092c284e2e83823c5,208364,208491,train,force_book
I100E7DAD,e243c96ce6414e43bd6e12da31e2a07b,208537,208655,train,force_book
I100E7DAD,bbfd24cdf4a74dbcbc72086171e7d367,208918,209030,train,force_book
I100E7DAD,eb97c3f42dcf43f6b9ec7783ff6dadfb,209312,209586,train,force_book
I100E7DAD,21af0034fbd541f897547c03863587f2,209663,209776,train,force_book
I100E7DAD,dfc912168c7a405c97d4700894f9e9bf,210071,210181,train,force_book
I100E7DAD,472b6876deb04c6a8788c3b39e660558,210906,211027,train,force_book
I100E7DAD,9a935187624b4a149d07a633be5d7669,211133,211279,train,force_book
I100E7DAD,589a433d147a479592813f68f970ba61,211292,211430,train,force_book
I100E7DAD,c7b025846b524e63b81e346ff3e0bd22,213299,213473,train,force_book
I100E7DAD,fd26f5a84cd440098f7a10d103ee8818,213836,213961,train,force_book
I100E7DAD,5a5b9261774c4895870cd67f5d766e2e,214146,214265,train,force_book
I100E7DAD,d98bf9af72814a1eaa2664e4cb4429d6,215057,215171,train,force_book
I100E7DAD,a391168e97f743bda4ad6d10ff225c41,215414,215498,train,force_book
I100E7DAD,424f867576874e949ba656474883ead3,217047,217163,train,force_book
I100E7DAD,a3e4d4a013a8441ea8b5900cf9c67e16,217375,217488,train,force_book
I100E7DAD,0ac5f5f655e0457fb67c5f26c64361f7,217685,217799,train,force_book
I100E7DAD,c8c00bea4cf549f29af02b03be7c7acd,218017,218130,train,force_book
I100E7DAD,cfd308efb1f249998627e51b66111abf,218198,218309,train,force_book
I100E7DAD,4e0e076708a34f90ad0d5a28c4ffb5a5,218882,219063,train,force_book
I100E7DAD,825adcc72c2c4302a8a235bdebae7250,219119,219233,train,force_book
I100E7DAD,f2480dae096a46068948477fe6b6fccb,221617,221745,train,force_book
I100E7DAD,0525e6b2ebc5415a885ca40134007f7f,222019,222132,train,force_book
I100E7DAD,95d60546180b474094a466501e96bb65,222995,223116,train,force_book
I100E7DAD,5670f82b79a046c587e6f7310a69e48d,223285,223462,train,force_book
I100E7DAD,bf2a66dcfdbb40ed87f279e43fc443ed,225780,225891,train,force_book
I100E7DAD,07da819f84e345769f04c26e2ed9ba44,226041,226153,train,force_book
I100E7DAD,87307de1fe5444ab956d5285bd8efd3c,226190,226334,train,force_book
I100E7DAD,dd822f76c28f4f53a9171ae34cff7534,226537,226776,train,force_book
I100E7DAD,60736009a8524a4a9eaedffdbe212936,227578,227692,train,force_book
I100E7DAD,527d3d1c56294d90aad28c1c5db3c0be,228574,228694,train,force_book
I100E7DAD,5684a3c539f8458cba32e54e05ff6417,228748,228874,train,force_book
I100E7DAD,2b9ee269c98447b788ea30b680ad4c32,229603,229716,train,force_book
I100E7DAD,87abfc6ee54d4be4a65b0d96c8bb893c,230386,230507,train,force_book
I100E7DAD,16d2f2be17204a478687556718adb8d2,231397,231570,train,force_book
I100E7DAD,56351a82e0854654b8cbfb56e440be2f,231952,232067,train,force_book
I100E7DAD,8019d74bef604098b07ace9d77f49b44,234731,234874,train,force_book
I100E7DAD,100cc4a13937422f9da3713a7d4b44ef,235023,235110,train,force_book
I100E7DAD,347569e3ee8947859b5d11bd1585bc81,235177,235287,train,force_book
I100E7DAD,f80812e80e9a4c479f55d17e31c0cb56,235547,235638,train,force_book
I100E7DAD,080e3b2431254057a77a647d0b111a31,236603,236875,train,force_book
I100E7DAD,2d8b1b9c53a54563a8972b243deefaeb,236988,237103,train,force_book
I100E7DAD,caf5fa1864f74f699629214e56317576,237194,237354,train,force_book
I100E7DAD,ad4b1a67c2944cc8825d8d3e8eda4356,243697,243933,train,force_book
I100E7DAD,071173689a11435b9205a740e4726c75,246904,247015,train,force_book
I100E7DAD,945fb08470534107aebe18629857ffb8,247264,247349,train,force_book
I100E7DAD,dbeef81bd7304e0e94c6f978ed3a066c,247524,247636,train,force_book
I100E7DAD,46827a5243184756af36f0c488f92c20,247791,247880,train,force_book
I100E7DAD,d09346a7f2674c08b3974e4638f53b54,250422,250539,train,force_book
I100E7DAD,879eaf0b981c41ec8ac48e0ce3c4ee3c,251236,251385,train,force_book
I100E7DAD,602ca00b1d7a42f2ba484787604f0440,251553,251726,train,force_book
I100E7DAD,4387af4e371d458baa7a451b29a8da11,252045,252218,train,force_book
I100E7DAD,20aaa40e1d4c4fc68a556f8337b0c382,252449,252600,train,force_book
I100E7DAD,b88850d797504220ba11eed3bea41fb5,252843,252957,train,force_book
I100E7DAD,9153cebad8154d08967bf65b879ca78c,256341,256461,train,force_book
I100E7DAD,14dbf79038984e4cbac786ed68d48bc4,257790,257905,train,force_book
I100E7DAD,a0a4d91c16b743b89d2558d741f3b07c,259649,259733,train,force_book
I100E7DAD,76576f9c2c5b4ed48b1c096e82818c96,261431,261548,train,force_book
I100E7DAD,768a7b7becae4166aad06968e66b10d2,262114,262232,train,force_book
I100E7DAD,0be4b6aa60bd4bc692fdcab949ca40ae,263088,263211,train,force_book
I100E7DAD,7208a1b9d49a4652944a3a99516e89d1,264318,264695,train,force_book
I100E7DAD,0ec4cea70e9d4773927699a20c54ff4e,264993,265105,train,force_book
I100E7DAD,0656893042bd40c0bc70c36740530cff,266582,266696,train,force_book
I100E7DAD,9dc7cd2734aa40fb93b31735dc9ba327,268205,268319,train,force_book
I100E7DAD,fcbbb9208164482cabda048974cf8f0c,269586,269733,train,force_book
I100E7DAD,61e7c8b5bd884b52b0a6cee9f4aff85c,270124,270231,train,force_book
I100E7DAD,4935c763c19b490a964016e071c09880,271159,271264,train,force_book
I100E7DAD,e9536debfbd448cfb07be2b76b98d19d,271681,271778,train,force_book
I100E7DAD,00a51328a7c94325be06b6be29d2520a,271949,272051,train,force_book
I100E7DAD,24ffa921589146cf937fb0ebf8aa3b5a,272435,272581,train,force_book
I100E7DAD,4475a76998cf4c6ba8047424d6eae8c0,273860,273967,train,force_book
I100E7DAD,4c8e0a048cb04d4784ff63bcb5b3d297,273994,274141,train,force_book
I100E7DAD,959288f04d904c07930908ee60eab905,274185,274367,train,force_book
I100E7DAD,420f06aa339641c08f479b4815d7861d,274498,274599,train,force_book
I100E7DAD,29faba62cbd746ccaf8cc7987da6e757,274629,274832,train,force_book
I100E7DAD,6523218309664d21a501cc9ffe324cd6,275832,275943,train,force_book
I100E7DAD,366a8c030d15444b98fbe489b7b3a930,276330,276466,train,force_book
I100E7DAD,c7cddc962b724c9f903d6cbddbab4fe2,276607,276778,train,force_book
I100E7DAD,c64bcd858d5349b88c263841a7f402c1,276825,276970,train,force_book
I100E7DAD,90b213ee29734364a88fbf1c20d831f0,277899,277982,train,force_book
I100E7DAD,a98a382d4fd04664a3b3b19223654b9d,278512,278735,train,force_book
I100E7DAD,9de6a7ce7ba442ffa1f246ffa3839c6e,278787,278934,train,force_book
I100E7DAD,308cb57bdd8346c6bcadac6a8b5b2af4,280263,280442,train,force_book
I100E7DAD,c357e3559f2649a3b2367fd9252e0289,280482,280608,train,force_book
I100E7DAD,6238f119d3e04a10a4c79b67ba1514fc,280649,280809,train,force_book
I100E7DAD,c5fe6b5d258449e89e282fbb9ba4752a,280906,281038,train,force_book
I100E7DAD,c1498b7f38524c8e9115539c0a5d208b,281466,281597,train,force_book
I100E7DAD,bdb78c2d6ee641579439867bbcdf3019,281628,282024,train,force_book
I100E7DAD,0225467e711c4c2bbf50e390abf4995e,282097,282208,train,force_book
I100E7DAD,a6d523e84be5471e82e352025803fca4,282283,282398,train,force_book
I100E7DAD,2d55903b786f408f95ca0943bd4b24b9,282442,282554,train,force_book
I100E7DAD,94e3451d91514c3ea0f474cca62897f2,282649,282765,train,force_book
I100E7DAD,a7b8ff7bffaa43b4935bf4dc1f7ee3b7,283278,283424,train,force_book
I100E7DAD,5f6676a0398641a0a551fdf8d43a72d4,283456,283566,train,force_book
I100E7DAD,489921d36f71426a8dcc9a21cef253c8,283661,283774,train,force_book
I100E7DAD,13930a809fa7402ea025f726bae75775,283995,284148,train,force_book
I100E7DAD,fae366e257144788847998c9b38abf57,285270,285405,train,force_book
I100E7DAD,3481d15e396e481199547e89523131f1,285689,285808,train,force_book
I100E7DAD,914265e246f54cd4bf14196899fd4171,292151,292269,train,force_book
I100E7DAD,1cebffef12544640abc677101e2cb113,294488,294602,train,force_book
I100E7DAD,ac0a7ac8092e433cb15916e6340bba66,300084,300175,train,force_book
I100E7DAD,6dd2405e91c04bb6baf66da66e5f310c,302110,302225,train,force_book
I100E7DAD,71cd7a87b88644bcb2d333b8a62d465e,303357,303446,train,force_book
I100E7DAD,c7507f7c31cb412eba67cefb94bb8f0c,303786,303905,train,force_book
I100E7DAD,8a2d3505097141d7940feb583ce26d4d,305117,305237,train,force_book
I100E7DAD,0d949fa4a7494f53972c2d2d47120fa0,305589,305707,train,force_book
I100E7DAD,2fe7cfc08a6c48a5a2414addc44f1108,307067,307182,train,force_book
I100E7DAD,9a61a72db2094abfab51090b8d7778e2,308798,308927,train,force_book
I100E7DAD,05e75cc85eab47d7b12d5c3681e18f39,311262,311382,train,force_book
I100E7DAD,213f01562d214237b793d12baae57930,313204,313322,train,force_book
I100E7DAD,c26a8ce34ba845988eded6b8519253ee,315629,315743,train,force_book
I100E7DAD,9882ef76594c44b0b01960f547cf557b,316313,316464,train,force_book
I100E7DAD,635c6487106c4e4ab29524053844b004,317919,318046,train,force_book
I100E7DAD,5043ce45c597462f8e105990ff88360f,319389,319508,train,force_book
I100E7DAD,773df36c38b542be81f5e45aa1bcf2be,319524,319629,train,force_book
I100E7DAD,3ca5164a87464317b38e14d5cc470581,320344,320521,train,force_book
I100E7DAD,15679e2cefa3430eba08438822071f1c,320534,320714,train,force_book
I100E7DAD,7dfa1e8fd5284009b877b640d09e7ad8,321096,321212,train,force_book
I100E7DAD,06c853dde5eb449eaf7e60395e7adc15,321461,321637,train,force_book
I100E7DAD,0b30dc9d4856412496390074a5220f33,321682,321834,train,force_book
I100E7DAD,9010b62dbd4040948808dce9ccd89501,323644,323764,train,force_book
I100E7DAD,ae07ee3d28fc4ff187a6caf276dd6f0e,324063,324180,train,force_book
I100E7DAD,1e01d8725ed74675add98296ac417912,325423,325539,train,force_book
I100E7DAD,e2424530f50b43688d06f36531a825e3,325578,325753,train,force_book
I100E7DAD,19eb1467a878418bad6dc557bd3029cd,330384,330544,train,force_book
I100E7DAD,def62f29661d44fe9f9ce22cc8fc8b18,331477,331599,train,force_book
I100E7DAD,dd9c901279374dcab7c5ee3554650be2,331641,331772,train,force_book
I100E7DAD,53fcc984ca6b4ad78943ad76de11687b,332489,332606,train,force_book
I100E7DAD,d61d97c055bf48a987eb04ca68c7a802,332643,333040,train,force_book
I100E7DAD,a35b8d55ea814afd938925fe1b38a99a,333492,333605,train,force_book
I100E7DAD,1bae6d9a471147d4a17134f168471ef1,335230,335358,train,force_book
I100E7DAD,31ce80d69a834baaa3de0d4a7033e341,335482,335599,train,force_book
I100E7DAD,1eb71f1178a543d795405a055ceae56a,336601,336747,train,force_book
I100E7DAD,219536f0d954472eb599c792f087e3c7,337151,337390,train,force_book
I100E7DAD,eddd0a8ec58248a595418d6938827c5c,337538,337655,train,force_book
I100E7DAD,74435ca7530449288c72dc4520f47168,337932,338044,train,force_book
I100E7DAD,7ddce3212bf64663bae481a5530b973f,338180,338302,train,force_book
I100E7DAD,3b621a5b65f142429d0b77ea3dd9fdda,338614,338835,train,force_book
I100E7DAD,2c19c08237394c6a97c3dba17c303ce5,339175,339395,train,force_book
I100E7DAD,72006d0557334f3e8f4d951f769c381c,339553,339666,train,force_book
I100E7DAD,8ab411d2a605417c81656bc6f05b4456,339902,340135,train,force_book
I100E7DAD,177b6d948bb447d49259debc11d0a43f,340762,341788,train,force_book
IB522F095,4bf4d8d103514ca9952fa95e091b9494,165847,165859,test,quote_half_and_source_marker
IB522F095,merge:7edc17e74e2e44feb1e16ee65777581a+a647cd7dc26542cf82fcae93b777f545,167111,167148,test,quote_half_and_source_marker
IB522F095,merge:3a80a6bedb4c4afcaf7a79d081f0406d+97309cfa5bab4c65bfd2849c00d7956f+8f3c88f572e14e0498595c6f8bc80167+a62d395e2f374febba2c064463a2dd83+ed61a5514cca40149a8c1089966b5a16+e6aaa372c56b4ab5a53db7f2684c3e7d,261352,261491,test,quote_half_and_source_marker
IB522F095,merge:871ea7030f3342208973dc23b11fdd0d+999ecf69b7d84cbd8ba60a3472ae335c,261678,261695,test,quote_half_and_source_marker
